 530000.0000, 530000.0000, 530000.0000, 530000.0000, 530000.0000, 530000.0000, 530000.0000, 530000.0000, 530000.0000, 530000.0000, 530000.0000, 530000.0000, 530000.0000, 530000.0000, 530000.0000, 530000.0000, 530000.0000, 530000.0000, 530000.0000, 530000.0000, 530000.0000, 530000.0000, 530000.0000, 530000.0000, 530000.0000, 530000.0000, 530000.0000, 530000.0000, 530000.0000, 530000.0000, 530000.0000, 530000.0000, 530000.0000, 530000.0000, 530000.0000, 530000.0000, 530000.0000, 530000.0000, 530000.0000, 530000.0000, 530000.0000, 530000.0000, 530000.0000, 530000.0000, 530000.0000, 530000.0000, 530000.0000, 530000.0000, 530000.0000, 530000.0000, 530000.0000, 530000.0000, 530000.0000, 530000.0000, 530000.0000, 530000.0000, 530000.0000, 530000.0000, 530000.0000, 530000.0000, 530000.0000, 530000.0000, 530000.0000, 530000.0000, 530000.0000, 530000.0000, 530000.0000, 530000.0000, 530000.0000, 530000.0000, 530000.0000, 530000.0000, 530000.0000, 530000.0000, 530000.0000, 530000.0000, 530000.0000, 530000.0000, 530000.0000, 
 530000.0000, 530000.0000, 530000.0000, 530000.0000, 530000.0000, 530000.0000, 530000.0000, 530000.0000, 530000.0000, 530000.0000, 530000.0000, 530000.0000, 530000.0000, 530000.0000, 530000.0000, 530000.0000, 530000.0000, 530000.0000, 530000.0000, 530000.0000, 530000.0000, 530000.0000, 530000.0000, 530000.0000, 530000.0000, 530000.0000, 530000.0000, 530000.0000, 530000.0000, 530000.0000, 530000.0000, 530000.0000, 530000.0000, 530000.0000, 530000.0000, 530000.0000, 530000.0000, 530000.0000, 530000.0000, 530000.0000, 530000.0000, 530000.0000, 530000.0000, 530000.0000, 530000.0000, 530000.0000, 530000.0000, 530000.0000, 530000.0000, 530000.0000, 530000.0000, 530000.0000, 530000.0000, 530000.0000, 530000.0000, 530000.0000, 530000.0000, 530000.0000, 530000.0000, 530000.0000, 530000.0000, 530000.0000, 530000.0000, 530000.0000, 530000.0000, 530000.0000, 530000.0000, 530000.0000, 530000.0000, 530000.0000, 530000.0000, 530000.0000, 530000.0000, 530000.0000, 530000.0000, 530000.0000, 530000.0000, 530000.0000, 530000.0000, 
 530000.0000, 530000.0000, 530000.0000, 530000.0000, 530000.0000, 530000.0000, 530000.0000, 530000.0000, 530000.0000, 530000.0000, 530000.0000, 530000.0000, 530000.0000, 530000.0000, 530000.0000, 530000.0000, 530000.0000, 530000.0000, 530000.0000, 530000.0000, 530000.0000, 530000.0000, 530000.0000, 530000.0000, 530000.0000, 530000.0000, 530000.0000, 530000.0000, 530000.0000, 530000.0000, 530000.0000, 530000.0000, 530000.0000, 530000.0000, 530000.0000, 530000.0000, 530000.0000, 530000.0000, 530000.0000, 530000.0000, 530000.0000, 530000.0000, 530000.0000, 530000.0000, 530000.0000, 530000.0000, 530000.0000, 530000.0000, 530000.0000, 530000.0000, 530000.0000, 530000.0000, 530000.0000, 530000.0000, 530000.0000, 530000.0000, 530000.0000, 530000.0000, 530000.0000, 530000.0000, 530000.0000, 530000.0000, 530000.0000, 530000.0000, 530000.0000, 530000.0000, 530000.0000, 530000.0000, 530000.0000, 530000.0000, 530000.0000, 530000.0000, 530000.0000, 530000.0000, 530000.0000, 530000.0000, 530000.0000, 530000.0000, 530000.0000, 
 530000.0000, 530000.0000, 530000.0000, 530000.0000, 530000.0000, 530000.0000, 530000.0000, 530000.0000, 530000.0000, 530000.0000, 530000.0000, 530000.0000, 530000.0000, 530000.0000, 530000.0000, 530000.0000, 530000.0000, 530000.0000, 530000.0000, 530000.0000, 530000.0000, 530000.0000, 530000.0000, 530000.0000, 530000.0000, 530000.0000, 530000.0000, 530000.0000, 530000.0000, 530000.0000, 530000.0000, 530000.0000, 530000.0000, 530000.0000, 530000.0000, 530000.0000, 530000.0000, 530000.0000, 530000.0000, 530000.0000, 530000.0000, 530000.0000, 530000.0000, 530000.0000, 530000.0000, 530000.0000, 530000.0000, 530000.0000, 530000.0000, 530000.0000, 530000.0000, 530000.0000, 530000.0000, 530000.0000, 530000.0000, 530000.0000, 530000.0000, 530000.0000, 530000.0000, 530000.0000, 530000.0000, 530000.0000, 530000.0000, 530000.0000, 530000.0000, 530000.0000, 530000.0000, 530000.0000, 530000.0000, 530000.0000, 530000.0000, 530000.0000, 530000.0000, 530000.0000, 530000.0000, 530000.0000, 530000.0000, 530000.0000, 530000.0000, 
 530000.0000, 530000.0000, 530000.0000, 530000.0000, 530000.0000, 530000.0000, 530000.0000, 530000.0000, 530000.0000, 530000.0000, 530000.0000, 530000.0000, 530000.0000, 530000.0000, 530000.0000, 530000.0000, 530000.0000, 530000.0000, 530000.0000, 530000.0000, 530000.0000, 530000.0000, 530000.0000, 530000.0000, 530000.0000, 530000.0000, 530000.0000, 530000.0000, 530000.0000, 530000.0000, 530000.0000, 530000.0000, 530000.0000, 530000.0000, 530000.0000, 530000.0000, 530000.0000, 530000.0000, 530000.0000, 530000.0000, 530000.0000, 530000.0000, 530000.0000, 530000.0000, 530000.0000, 530000.0000, 530000.0000, 530000.0000, 530000.0000, 530000.0000, 530000.0000, 530000.0000, 530000.0000, 530000.0000, 530000.0000, 530000.0000, 530000.0000, 530000.0000, 530000.0000, 530000.0000, 530000.0000, 530000.0000, 530000.0000, 530000.0000, 530000.0000, 530000.0000, 530000.0000, 530000.0000, 530000.0000, 530000.0000, 530000.0000, 530000.0000, 530000.0000, 530000.0000, 530000.0000, 530000.0000, 530000.0000, 530000.0000, 530000.0000, 
 529999.9999, 530000.0002, 530000.0001, 529999.9999, 529999.9999, 530000.0000, 530000.0000, 530000.0000, 530000.0000, 530000.0000, 530000.0000, 530000.0000, 530000.0000, 530000.0000, 530000.0000, 530000.0000, 530000.0000, 530000.0000, 530000.0000, 530000.0000, 530000.0000, 530000.0000, 530000.0000, 530000.0000, 530000.0000, 530000.0000, 530000.0000, 530000.0000, 530000.0000, 530000.0000, 530000.0000, 530000.0000, 530000.0000, 530000.0000, 530000.0000, 530000.0000, 530000.0000, 530000.0000, 530000.0000, 530000.0000, 530000.0000, 530000.0000, 530000.0000, 530000.0000, 530000.0000, 530000.0000, 530000.0000, 530000.0000, 530000.0000, 530000.0000, 530000.0000, 530000.0000, 530000.0000, 530000.0000, 530000.0000, 530000.0000, 530000.0000, 530000.0000, 530000.0000, 530000.0000, 530000.0000, 530000.0000, 530000.0000, 530000.0000, 530000.0000, 530000.0000, 530000.0000, 530000.0000, 530000.0000, 530000.0000, 530000.0000, 530000.0000, 530000.0000, 530000.0000, 530000.0000, 530000.0000, 530000.0000, 530000.0000, 530000.0000, 
 530000.0005, 529999.9994, 529999.9995, 530000.0004, 530000.0003, 530000.0001, 530000.0000, 530000.0000, 530000.0000, 530000.0000, 530000.0000, 530000.0000, 530000.0000, 530000.0000, 530000.0000, 530000.0000, 530000.0000, 530000.0000, 530000.0000, 530000.0000, 530000.0000, 530000.0000, 530000.0000, 530000.0000, 530000.0000, 530000.0000, 530000.0000, 530000.0000, 530000.0000, 530000.0000, 530000.0000, 530000.0000, 530000.0000, 530000.0000, 530000.0000, 530000.0000, 530000.0000, 530000.0000, 530000.0000, 530000.0000, 530000.0000, 530000.0000, 530000.0000, 530000.0000, 530000.0000, 530000.0000, 530000.0000, 530000.0000, 530000.0000, 530000.0000, 530000.0000, 530000.0000, 530000.0000, 530000.0000, 530000.0000, 530000.0000, 530000.0000, 530000.0000, 530000.0000, 530000.0000, 530000.0000, 530000.0000, 530000.0000, 530000.0000, 530000.0000, 530000.0000, 530000.0000, 530000.0000, 530000.0000, 530000.0000, 530000.0000, 530000.0000, 530000.0000, 530000.0000, 530000.0000, 530000.0000, 530000.0000, 530000.0000, 530000.0000, 
 529999.9985, 530000.0018, 530000.0014, 529999.9988, 529999.9989, 529999.9999, 530000.0001, 530000.0001, 530000.0000, 530000.0000, 530000.0000, 530000.0000, 530000.0000, 530000.0000, 530000.0000, 530000.0000, 530000.0000, 530000.0000, 530000.0000, 530000.0000, 530000.0000, 530000.0000, 530000.0000, 530000.0000, 530000.0000, 530000.0000, 530000.0000, 530000.0000, 530000.0000, 530000.0000, 530000.0000, 530000.0000, 530000.0000, 530000.0000, 530000.0000, 530000.0000, 530000.0000, 530000.0000, 530000.0000, 530000.0000, 530000.0000, 530000.0000, 530000.0000, 530000.0000, 530000.0000, 530000.0000, 530000.0000, 530000.0000, 530000.0000, 530000.0000, 530000.0000, 530000.0000, 530000.0000, 530000.0000, 530000.0000, 530000.0000, 530000.0000, 530000.0000, 530000.0000, 530000.0000, 530000.0000, 530000.0000, 530000.0000, 530000.0000, 530000.0000, 530000.0000, 530000.0000, 530000.0000, 530000.0000, 530000.0000, 530000.0000, 530000.0000, 530000.0000, 530000.0000, 530000.0000, 530000.0000, 530000.0000, 530000.0000, 530000.0000, 
 530000.0039, 529999.9951, 529999.9962, 530000.0034, 530000.0028, 529999.9999, 529999.9995, 529999.9999, 530000.0000, 530000.0000, 530000.0000, 530000.0000, 530000.0000, 530000.0000, 530000.0000, 530000.0000, 530000.0000, 530000.0000, 530000.0000, 530000.0000, 530000.0000, 530000.0000, 530000.0000, 530000.0000, 530000.0000, 530000.0000, 530000.0000, 530000.0000, 530000.0000, 530000.0000, 530000.0000, 530000.0000, 530000.0000, 530000.0000, 530000.0000, 530000.0000, 530000.0000, 530000.0000, 530000.0000, 530000.0000, 530000.0000, 530000.0000, 530000.0000, 530000.0000, 530000.0000, 530000.0000, 530000.0000, 530000.0000, 530000.0000, 530000.0000, 530000.0000, 530000.0000, 530000.0000, 530000.0000, 530000.0000, 530000.0000, 530000.0000, 530000.0000, 530000.0000, 530000.0000, 530000.0000, 530000.0000, 530000.0000, 530000.0000, 530000.0000, 530000.0000, 530000.0000, 530000.0000, 530000.0000, 530000.0000, 530000.0000, 530000.0000, 530000.0000, 530000.0000, 530000.0000, 530000.0000, 530000.0000, 530000.0000, 530000.0000, 
 529999.9896, 530000.0137, 530000.0101, 529999.9910, 529999.9934, 530000.0008, 530000.0014, 530000.0001, 530000.0000, 530000.0000, 530000.0000, 530000.0000, 530000.0000, 530000.0000, 530000.0000, 530000.0000, 530000.0000, 530000.0000, 530000.0000, 530000.0000, 530000.0000, 530000.0000, 530000.0000, 530000.0000, 530000.0000, 530000.0000, 530000.0000, 530000.0000, 530000.0000, 530000.0000, 530000.0000, 530000.0000, 530000.0000, 530000.0000, 530000.0000, 530000.0000, 530000.0000, 530000.0000, 530000.0000, 530000.0000, 530000.0000, 530000.0000, 530000.0000, 530000.0000, 530000.0000, 530000.0000, 530000.0000, 530000.0000, 530000.0000, 530000.0000, 530000.0000, 530000.0000, 530000.0000, 530000.0000, 530000.0000, 530000.0000, 530000.0000, 530000.0000, 530000.0000, 530000.0000, 530000.0000, 530000.0000, 530000.0000, 530000.0000, 530000.0000, 530000.0000, 530000.0000, 530000.0000, 530000.0000, 530000.0000, 530000.0000, 530000.0000, 530000.0000, 530000.0000, 530000.0000, 530000.0000, 530000.0000, 530000.0000, 530000.0000, 
 530000.0336, 529999.9541, 529999.9679, 530000.0284, 530000.0198, 529999.9984, 529999.9969, 529999.9999, 530000.0002, 530000.0000, 530000.0000, 530000.0000, 530000.0000, 530000.0000, 530000.0000, 530000.0000, 530000.0000, 530000.0000, 530000.0000, 530000.0000, 530000.0000, 530000.0000, 530000.0000, 530000.0000, 530000.0000, 530000.0000, 530000.0000, 530000.0000, 530000.0000, 530000.0000, 530000.0000, 530000.0000, 530000.0000, 530000.0000, 530000.0000, 530000.0000, 530000.0000, 530000.0000, 530000.0000, 530000.0000, 530000.0000, 530000.0000, 530000.0000, 530000.0000, 530000.0000, 530000.0000, 530000.0000, 530000.0000, 530000.0000, 530000.0000, 530000.0000, 530000.0000, 530000.0000, 530000.0000, 530000.0000, 530000.0000, 530000.0000, 530000.0000, 530000.0000, 530000.0000, 530000.0000, 530000.0000, 530000.0000, 530000.0000, 530000.0000, 530000.0000, 530000.0000, 530000.0000, 530000.0000, 530000.0000, 530000.0000, 530000.0000, 530000.0000, 530000.0000, 530000.0000, 530000.0000, 530000.0000, 530000.0000, 530000.0000, 
 529999.8899, 530000.1494, 530000.1003, 529999.9083, 529999.9398, 530000.0043, 530000.0074, 530000.0002, 529999.9996, 530000.0000, 530000.0000, 530000.0000, 530000.0000, 530000.0000, 530000.0000, 530000.0000, 530000.0000, 530000.0000, 530000.0000, 530000.0000, 530000.0000, 530000.0000, 530000.0000, 530000.0000, 530000.0000, 530000.0000, 530000.0000, 530000.0000, 530000.0000, 530000.0000, 530000.0000, 530000.0000, 530000.0000, 530000.0000, 530000.0000, 530000.0000, 530000.0000, 530000.0000, 530000.0000, 530000.0000, 530000.0000, 530000.0000, 530000.0000, 530000.0000, 530000.0000, 530000.0000, 530000.0000, 530000.0000, 530000.0000, 530000.0000, 530000.0000, 530000.0000, 530000.0000, 530000.0000, 530000.0000, 530000.0000, 530000.0000, 530000.0000, 530000.0000, 530000.0000, 530000.0000, 530000.0000, 530000.0000, 530000.0000, 530000.0000, 530000.0000, 530000.0000, 530000.0000, 530000.0000, 530000.0000, 530000.0000, 530000.0000, 530000.0000, 530000.0000, 530000.0000, 530000.0000, 530000.0000, 530000.0000, 530000.0000, 
 530000.3758, 529999.4941, 529999.6826, 530000.3068, 530000.1858, 529999.9854, 529999.9785, 529999.9990, 530000.0010, 530000.0001, 530000.0000, 530000.0000, 530000.0000, 530000.0000, 530000.0000, 530000.0000, 530000.0000, 530000.0000, 530000.0000, 530000.0000, 530000.0000, 530000.0000, 530000.0000, 530000.0000, 530000.0000, 530000.0000, 530000.0000, 530000.0000, 530000.0000, 530000.0000, 530000.0000, 530000.0000, 530000.0000, 530000.0000, 530000.0000, 530000.0000, 530000.0000, 530000.0000, 530000.0000, 530000.0000, 530000.0000, 530000.0000, 530000.0000, 530000.0000, 530000.0000, 530000.0000, 530000.0000, 530000.0000, 530000.0000, 530000.0000, 530000.0000, 530000.0000, 530000.0000, 530000.0000, 530000.0000, 530000.0000, 530000.0000, 530000.0000, 530000.0000, 530000.0000, 530000.0000, 530000.0000, 530000.0000, 530000.0000, 530000.0000, 530000.0000, 530000.0000, 530000.0000, 530000.0000, 530000.0000, 530000.0000, 530000.0000, 530000.0000, 530000.0000, 530000.0000, 530000.0000, 530000.0000, 530000.0000, 530000.0000, 
 529998.7236, 530001.6538, 530000.8780, 529999.0246, 529999.5456, 530000.0899, 530000.0668, 530000.0000, 529999.9964, 529999.9996, 530000.0002, 530000.0001, 530000.0000, 530000.0000, 530000.0000, 530000.0000, 530000.0000, 530000.0000, 530000.0000, 530000.0000, 530000.0000, 530000.0000, 530000.0000, 530000.0000, 530000.0000, 530000.0000, 530000.0000, 530000.0000, 530000.0000, 530000.0000, 530000.0000, 530000.0000, 530000.0000, 530000.0000, 530000.0000, 530000.0000, 530000.0000, 530000.0000, 530000.0000, 530000.0000, 530000.0000, 530000.0000, 530000.0000, 530000.0000, 530000.0000, 530000.0000, 530000.0000, 530000.0000, 530000.0000, 530000.0000, 530000.0000, 530000.0000, 530000.0000, 530000.0000, 530000.0000, 530000.0000, 530000.0000, 530000.0000, 530000.0000, 530000.0000, 530000.0000, 530000.0000, 530000.0000, 530000.0000, 530000.0000, 530000.0000, 530000.0000, 530000.0000, 530000.0000, 530000.0000, 530000.0000, 530000.0000, 530000.0000, 530000.0000, 530000.0000, 530000.0000, 530000.0000, 530000.0000, 530000.0000, 
 530004.9650, 529993.3977, 529997.6220, 530003.5371, 530001.2050, 529999.6164, 529999.8223, 530000.0171, 530000.0106, 529999.9999, 529999.9990, 529999.9998, 530000.0000, 530000.0001, 530000.0000, 530000.0000, 530000.0000, 530000.0000, 530000.0000, 530000.0000, 530000.0000, 530000.0000, 530000.0000, 530000.0000, 530000.0000, 530000.0000, 530000.0000, 530000.0000, 530000.0000, 530000.0000, 530000.0000, 530000.0000, 530000.0000, 530000.0000, 530000.0000, 530000.0000, 530000.0000, 530000.0000, 530000.0000, 530000.0000, 530000.0000, 530000.0000, 530000.0000, 530000.0000, 530000.0000, 530000.0000, 530000.0000, 530000.0000, 530000.0000, 530000.0000, 530000.0000, 530000.0000, 530000.0000, 530000.0000, 530000.0000, 530000.0000, 530000.0000, 530000.0000, 530000.0000, 530000.0000, 530000.0000, 530000.0000, 530000.0000, 530000.0000, 530000.0000, 530000.0000, 530000.0000, 530000.0000, 530000.0000, 530000.0000, 530000.0000, 530000.0000, 530000.0000, 530000.0000, 530000.0000, 530000.0000, 530000.0000, 530000.0000, 530000.0000, 
 529976.0538, 530033.6855, 530004.5201, 529982.2272, 529999.6781, 530001.3649, 530000.2180, 529999.8818, 529999.9684, 530000.0020, 530000.0024, 530000.0000, 529999.9997, 529999.9999, 530000.0000, 530000.0000, 530000.0000, 530000.0000, 530000.0000, 530000.0000, 530000.0000, 530000.0000, 530000.0000, 530000.0000, 530000.0000, 530000.0000, 530000.0000, 530000.0000, 530000.0000, 530000.0000, 530000.0000, 530000.0000, 530000.0000, 530000.0000, 530000.0000, 530000.0000, 530000.0000, 530000.0000, 530000.0000, 530000.0000, 530000.0000, 530000.0000, 530000.0000, 530000.0000, 530000.0000, 530000.0000, 530000.0000, 530000.0000, 530000.0000, 530000.0000, 530000.0000, 530000.0000, 530000.0000, 530000.0000, 530000.0000, 530000.0000, 530000.0000, 530000.0000, 530000.0000, 530000.0000, 530000.0000, 530000.0000, 530000.0000, 530000.0000, 530000.0000, 530000.0000, 530000.0000, 530000.0000, 530000.0000, 530000.0000, 530000.0000, 530000.0000, 530000.0000, 530000.0000, 530000.0000, 530000.0000, 530000.0000, 530000.0000, 530000.0000, 
 598770.6183, 538156.8366, 531205.0595, 530072.0518, 529963.7412, 529995.2362, 530000.7075, 530000.6132, 530000.0194, 529999.9809, 529999.9936, 530000.0013, 530000.0008, 530000.0000, 529999.9999, 530000.0000, 530000.0000, 530000.0000, 530000.0000, 530000.0000, 530000.0000, 530000.0000, 530000.0000, 530000.0000, 530000.0000, 530000.0000, 530000.0000, 530000.0000, 530000.0000, 530000.0000, 530000.0000, 530000.0000, 530000.0000, 530000.0000, 530000.0000, 530000.0000, 530000.0000, 530000.0000, 530000.0000, 530000.0000, 530000.0000, 530000.0000, 530000.0000, 530000.0000, 530000.0000, 530000.0000, 530000.0000, 530000.0000, 530000.0000, 530000.0000, 530000.0000, 530000.0000, 530000.0000, 530000.0000, 530000.0000, 530000.0000, 530000.0000, 530000.0000, 530000.0000, 530000.0000, 530000.0000, 530000.0000, 530000.0000, 530000.0000, 530000.0000, 530000.0000, 530000.0000, 530000.0000, 530000.0000, 530000.0000, 530000.0000, 530000.0000, 530000.0000, 530000.0000, 530000.0000, 530000.0000, 530000.0000, 530000.0000, 530000.0000, 
 680617.8127, 562126.4076, 536933.5213, 530962.2301, 530025.5327, 529954.2884, 529993.6698, 530000.1748, 530000.5242, 530000.0739, 530000.0033, 529999.9935, 529999.9989, 530000.0003, 530000.0001, 530000.0000, 530000.0000, 530000.0000, 530000.0000, 530000.0000, 530000.0000, 530000.0000, 530000.0000, 530000.0000, 530000.0000, 530000.0000, 530000.0000, 530000.0000, 530000.0000, 530000.0000, 530000.0000, 530000.0000, 530000.0000, 530000.0000, 530000.0000, 530000.0000, 530000.0000, 530000.0000, 530000.0000, 530000.0000, 530000.0000, 530000.0000, 530000.0000, 530000.0000, 530000.0000, 530000.0000, 530000.0000, 530000.0000, 530000.0000, 530000.0000, 530000.0000, 530000.0000, 530000.0000, 530000.0000, 530000.0000, 530000.0000, 530000.0000, 530000.0000, 530000.0000, 530000.0000, 530000.0000, 530000.0000, 530000.0000, 530000.0000, 530000.0000, 530000.0000, 530000.0000, 530000.0000, 530000.0000, 530000.0000, 530000.0000, 530000.0000, 530000.0000, 530000.0000, 530000.0000, 530000.0000, 530000.0000, 530000.0000, 530000.0000, 
 774169.8992, 605057.9735, 553885.2082, 533947.8317, 530523.1731, 529959.3085, 529972.8068, 529995.0113, 530000.4322, 530000.3450, 530000.0375, 530000.0013, 529999.9992, 529999.9996, 530000.0000, 530000.0000, 530000.0000, 530000.0000, 530000.0000, 530000.0000, 530000.0000, 530000.0000, 530000.0000, 530000.0000, 530000.0000, 530000.0000, 530000.0000, 530000.0000, 530000.0000, 530000.0000, 530000.0000, 530000.0000, 530000.0000, 530000.0000, 530000.0000, 530000.0000, 530000.0000, 530000.0000, 530000.0000, 530000.0000, 530000.0000, 530000.0000, 530000.0000, 530000.0000, 530000.0000, 530000.0000, 530000.0000, 530000.0000, 530000.0000, 530000.0000, 530000.0000, 530000.0000, 530000.0000, 530000.0000, 530000.0000, 530000.0000, 530000.0000, 530000.0000, 530000.0000, 530000.0000, 530000.0000, 530000.0000, 530000.0000, 530000.0000, 530000.0000, 530000.0000, 530000.0000, 530000.0000, 530000.0000, 530000.0000, 530000.0000, 530000.0000, 530000.0000, 530000.0000, 530000.0000, 530000.0000, 530000.0000, 530000.0000, 530000.0000, 
 822257.8521, 663117.2355, 595326.3570, 542908.0466, 532285.8258, 530227.9943, 529939.7737, 529976.2138, 529997.6462, 530001.1072, 530000.3632, 529999.9967, 529999.9778, 529999.9983, 530000.0008, 530000.0003, 530000.0000, 529999.9999, 530000.0000, 530000.0000, 530000.0000, 530000.0000, 530000.0000, 530000.0000, 530000.0000, 530000.0000, 530000.0000, 530000.0000, 530000.0000, 530000.0000, 530000.0000, 530000.0000, 530000.0000, 530000.0000, 530000.0000, 530000.0000, 530000.0000, 530000.0000, 530000.0000, 530000.0000, 530000.0000, 530000.0000, 530000.0000, 530000.0000, 530000.0000, 530000.0000, 530000.0000, 530000.0000, 530000.0000, 530000.0000, 530000.0000, 530000.0000, 530000.0000, 530000.0000, 530000.0000, 530000.0000, 530000.0000, 530000.0000, 530000.0000, 530000.0000, 530000.0000, 530000.0000, 530000.0000, 530000.0000, 530000.0000, 530000.0000, 530000.0000, 530000.0000, 530000.0000, 530000.0000, 530000.0000, 530000.0000, 530000.0000, 530000.0000, 530000.0000, 530000.0000, 530000.0000, 530000.0000, 530000.0000, 
 814532.9522, 706684.5511, 663603.4741, 568223.6130, 537510.9592, 531239.6812, 530040.8237, 529919.5177, 529982.7597, 529999.4074, 530001.3761, 530000.3574, 530000.0031, 529999.9721, 529999.9955, 530000.0007, 530000.0006, 530000.0001, 529999.9999, 530000.0000, 530000.0000, 530000.0000, 530000.0000, 530000.0000, 530000.0000, 530000.0000, 530000.0000, 530000.0000, 530000.0000, 530000.0000, 530000.0000, 530000.0000, 530000.0000, 530000.0000, 530000.0000, 530000.0000, 530000.0000, 530000.0000, 530000.0000, 530000.0000, 530000.0000, 530000.0000, 530000.0000, 530000.0000, 530000.0000, 530000.0000, 530000.0000, 530000.0000, 530000.0000, 530000.0000, 530000.0000, 530000.0000, 530000.0000, 530000.0000, 530000.0000, 530000.0000, 530000.0000, 530000.0000, 530000.0000, 530000.0000, 530000.0000, 530000.0000, 530000.0000, 530000.0000, 530000.0000, 530000.0000, 530000.0000, 530000.0000, 530000.0000, 530000.0000, 530000.0000, 530000.0000, 530000.0000, 530000.0000, 530000.0000, 530000.0000, 530000.0000, 530000.0000, 530000.0000, 
 787468.3896, 730172.9410, 733666.8961, 629742.1254, 553666.3998, 534519.7193, 530635.1005, 529945.6759, 529954.8383, 529988.6826, 530000.3498, 530000.9718, 530000.2144, 530000.0019, 529999.9845, 529999.9965, 530000.0004, 530000.0004, 530000.0001, 530000.0000, 530000.0000, 530000.0000, 530000.0000, 530000.0000, 530000.0000, 530000.0000, 530000.0000, 530000.0000, 530000.0000, 530000.0000, 530000.0000, 530000.0000, 530000.0000, 530000.0000, 530000.0000, 530000.0000, 530000.0000, 530000.0000, 530000.0000, 530000.0000, 530000.0000, 530000.0000, 530000.0000, 530000.0000, 530000.0000, 530000.0000, 530000.0000, 530000.0000, 530000.0000, 530000.0000, 530000.0000, 530000.0000, 530000.0000, 530000.0000, 530000.0000, 530000.0000, 530000.0000, 530000.0000, 530000.0000, 530000.0000, 530000.0000, 530000.0000, 530000.0000, 530000.0000, 530000.0000, 530000.0000, 530000.0000, 530000.0000, 530000.0000, 530000.0000, 530000.0000, 530000.0000, 530000.0000, 530000.0000, 530000.0000, 530000.0000, 530000.0000, 530000.0000, 530000.0000, 
 753619.7925, 740273.0970, 774913.7065, 696396.5336, 598868.9451, 544060.4614, 532603.7641, 530262.8150, 529921.2634, 529963.6263, 529995.1867, 530001.4981, 530000.7829, 530000.0875, 529999.9732, 529999.9899, 529999.9995, 530000.0008, 530000.0002, 530000.0000, 530000.0000, 530000.0000, 530000.0000, 530000.0000, 530000.0000, 530000.0000, 530000.0000, 530000.0000, 530000.0000, 530000.0000, 530000.0000, 530000.0000, 530000.0000, 530000.0000, 530000.0000, 530000.0000, 530000.0000, 530000.0000, 530000.0000, 530000.0000, 530000.0000, 530000.0000, 530000.0000, 530000.0000, 530000.0000, 530000.0000, 530000.0000, 530000.0000, 530000.0000, 530000.0000, 530000.0000, 530000.0000, 530000.0000, 530000.0000, 530000.0000, 530000.0000, 530000.0000, 530000.0000, 530000.0000, 530000.0000, 530000.0000, 530000.0000, 530000.0000, 530000.0000, 530000.0000, 530000.0000, 530000.0000, 530000.0000, 530000.0000, 530000.0000, 530000.0000, 530000.0000, 530000.0000, 530000.0000, 530000.0000, 530000.0000, 530000.0000, 530000.0000, 530000.0000, 
 760710.6944, 756971.7240, 771066.6564, 727041.4276, 675818.0159, 574823.8500, 538690.1591, 531458.0768, 530060.4614, 529902.1505, 529975.2278, 529998.6169, 530001.9540, 530000.6520, 530000.0210, 529999.9507, 529999.9898, 530000.0010, 530000.0014, 530000.0002, 529999.9999, 529999.9999, 530000.0000, 530000.0000, 530000.0000, 530000.0000, 530000.0000, 530000.0000, 530000.0000, 530000.0000, 530000.0000, 530000.0000, 530000.0000, 530000.0000, 530000.0000, 530000.0000, 530000.0000, 530000.0000, 530000.0000, 530000.0000, 530000.0000, 530000.0000, 530000.0000, 530000.0000, 530000.0000, 530000.0000, 530000.0000, 530000.0000, 530000.0000, 530000.0000, 530000.0000, 530000.0000, 530000.0000, 530000.0000, 530000.0000, 530000.0000, 530000.0000, 530000.0000, 530000.0000, 530000.0000, 530000.0000, 530000.0000, 530000.0000, 530000.0000, 530000.0000, 530000.0000, 530000.0000, 530000.0000, 530000.0000, 530000.0000, 530000.0000, 530000.0000, 530000.0000, 530000.0000, 530000.0000, 530000.0000, 530000.0000, 530000.0000, 530000.0000, 
 755995.7829, 755318.0921, 762315.8173, 734357.7074, 731041.3448, 638585.4981, 557418.9544, 535225.4583, 530774.0012, 529948.5301, 529934.6677, 529983.5148, 530000.2917, 530001.8155, 530000.4562, 530000.0101, 529999.9569, 529999.9906, 530000.0008, 530000.0013, 530000.0003, 529999.9999, 529999.9999, 530000.0000, 530000.0000, 530000.0000, 530000.0000, 530000.0000, 530000.0000, 530000.0000, 530000.0000, 530000.0000, 530000.0000, 530000.0000, 530000.0000, 530000.0000, 530000.0000, 530000.0000, 530000.0000, 530000.0000, 530000.0000, 530000.0000, 530000.0000, 530000.0000, 530000.0000, 530000.0000, 530000.0000, 530000.0000, 530000.0000, 530000.0000, 530000.0000, 530000.0000, 530000.0000, 530000.0000, 530000.0000, 530000.0000, 530000.0000, 530000.0000, 530000.0000, 530000.0000, 530000.0000, 530000.0000, 530000.0000, 530000.0000, 530000.0000, 530000.0000, 530000.0000, 530000.0000, 530000.0000, 530000.0000, 530000.0000, 530000.0000, 530000.0000, 530000.0000, 530000.0000, 530000.0000, 530000.0000, 530000.0000, 530000.0000, 
 748365.1824, 750920.9729, 751688.5878, 743667.1228, 767488.1270, 703120.9692, 608839.4539, 547040.6930, 533176.4867, 530366.4143, 529915.5994, 529953.4120, 529992.1465, 530001.5829, 530001.2137, 530000.2253, 529999.9811, 529999.9769, 529999.9956, 530000.0009, 530000.0008, 530000.0001, 529999.9999, 530000.0000, 530000.0000, 530000.0000, 530000.0000, 530000.0000, 530000.0000, 530000.0000, 530000.0000, 530000.0000, 530000.0000, 530000.0000, 530000.0000, 530000.0000, 530000.0000, 530000.0000, 530000.0000, 530000.0000, 530000.0000, 530000.0000, 530000.0000, 530000.0000, 530000.0000, 530000.0000, 530000.0000, 530000.0000, 530000.0000, 530000.0000, 530000.0000, 530000.0000, 530000.0000, 530000.0000, 530000.0000, 530000.0000, 530000.0000, 530000.0000, 530000.0000, 530000.0000, 530000.0000, 530000.0000, 530000.0000, 530000.0000, 530000.0000, 530000.0000, 530000.0000, 530000.0000, 530000.0000, 530000.0000, 530000.0000, 530000.0000, 530000.0000, 530000.0000, 530000.0000, 530000.0000, 530000.0000, 530000.0000, 530000.0000, 
 745730.7637, 745611.8013, 750968.3542, 756184.1996, 764559.6565, 727972.5833, 684740.8878, 581820.8335, 540387.3193, 531840.6684, 530120.5252, 529902.3183, 529968.5524, 529997.7444, 530002.4367, 530000.9495, 530000.0715, 529999.9410, 529999.9827, 529999.9994, 530000.0018, 530000.0005, 530000.0000, 529999.9999, 530000.0000, 530000.0000, 530000.0000, 530000.0000, 530000.0000, 530000.0000, 530000.0000, 530000.0000, 530000.0000, 530000.0000, 530000.0000, 530000.0000, 530000.0000, 530000.0000, 530000.0000, 530000.0000, 530000.0000, 530000.0000, 530000.0000, 530000.0000, 530000.0000, 530000.0000, 530000.0000, 530000.0000, 530000.0000, 530000.0000, 530000.0000, 530000.0000, 530000.0000, 530000.0000, 530000.0000, 530000.0000, 530000.0000, 530000.0000, 530000.0000, 530000.0000, 530000.0000, 530000.0000, 530000.0000, 530000.0000, 530000.0000, 530000.0000, 530000.0000, 530000.0000, 530000.0000, 530000.0000, 530000.0000, 530000.0000, 530000.0000, 530000.0000, 530000.0000, 530000.0000, 530000.0000, 530000.0000, 530000.0000, 
 742744.8176, 740885.9276, 749178.9462, 754114.7497, 756007.8223, 734036.5827, 732642.0753, 649770.5780, 563278.4445, 536555.6959, 531039.3018, 529984.8510, 529904.6713, 529978.2535, 529999.9357, 530002.4138, 530000.7208, 530000.0287, 529999.9387, 529999.9849, 530000.0007, 530000.0021, 530000.0005, 529999.9999, 529999.9999, 530000.0000, 530000.0000, 530000.0000, 530000.0000, 530000.0000, 530000.0000, 530000.0000, 530000.0000, 530000.0000, 530000.0000, 530000.0000, 530000.0000, 530000.0000, 530000.0000, 530000.0000, 530000.0000, 530000.0000, 530000.0000, 530000.0000, 530000.0000, 530000.0000, 530000.0000, 530000.0000, 530000.0000, 530000.0000, 530000.0000, 530000.0000, 530000.0000, 530000.0000, 530000.0000, 530000.0000, 530000.0000, 530000.0000, 530000.0000, 530000.0000, 530000.0000, 530000.0000, 530000.0000, 530000.0000, 530000.0000, 530000.0000, 530000.0000, 530000.0000, 530000.0000, 530000.0000, 530000.0000, 530000.0000, 530000.0000, 530000.0000, 530000.0000, 530000.0000, 530000.0000, 530000.0000, 530000.0000, 
 755733.0259, 744576.8602, 749753.9822, 750207.6674, 748167.5768, 742356.0925, 763424.8508, 709346.2139, 617674.7660, 550390.7145, 533901.8728, 530524.0092, 529917.9396, 529945.9561, 529987.2983, 530001.2861, 530001.7394, 530000.4109, 529999.9975, 529999.9545, 529999.9897, 530000.0010, 530000.0015, 530000.0004, 529999.9999, 529999.9999, 530000.0000, 530000.0000, 530000.0000, 530000.0000, 530000.0000, 530000.0000, 530000.0000, 530000.0000, 530000.0000, 530000.0000, 530000.0000, 530000.0000, 530000.0000, 530000.0000, 530000.0000, 530000.0000, 530000.0000, 530000.0000, 530000.0000, 530000.0000, 530000.0000, 530000.0000, 530000.0000, 530000.0000, 530000.0000, 530000.0000, 530000.0000, 530000.0000, 530000.0000, 530000.0000, 530000.0000, 530000.0000, 530000.0000, 530000.0000, 530000.0000, 530000.0000, 530000.0000, 530000.0000, 530000.0000, 530000.0000, 530000.0000, 530000.0000, 530000.0000, 530000.0000, 530000.0000, 530000.0000, 530000.0000, 530000.0000, 530000.0000, 530000.0000, 530000.0000, 530000.0000, 530000.0000, 
 749744.2353, 744536.0661, 748956.4151, 745840.9494, 748686.9101, 754172.8819, 759587.3065, 726092.7677, 694113.0535, 591740.3624, 542909.8560, 532378.6454, 530220.6634, 529908.5979, 529958.8328, 529995.0415, 530002.3282, 530001.2411, 530000.1817, 529999.9541, 529999.9735, 529999.9960, 530000.0018, 530000.0010, 530000.0001, 529999.9999, 529999.9999, 530000.0000, 530000.0000, 530000.0000, 530000.0000, 530000.0000, 530000.0000, 530000.0000, 530000.0000, 530000.0000, 530000.0000, 530000.0000, 530000.0000, 530000.0000, 530000.0000, 530000.0000, 530000.0000, 530000.0000, 530000.0000, 530000.0000, 530000.0000, 530000.0000, 530000.0000, 530000.0000, 530000.0000, 530000.0000, 530000.0000, 530000.0000, 530000.0000, 530000.0000, 530000.0000, 530000.0000, 530000.0000, 530000.0000, 530000.0000, 530000.0000, 530000.0000, 530000.0000, 530000.0000, 530000.0000, 530000.0000, 530000.0000, 530000.0000, 530000.0000, 530000.0000, 530000.0000, 530000.0000, 530000.0000, 530000.0000, 530000.0000, 530000.0000, 530000.0000, 530000.0000, 
 748282.7471, 743833.4766, 747935.8453, 746290.7673, 750284.1618, 752804.9154, 751697.2215, 732838.7462, 734024.4973, 659189.9729, 569675.1521, 537922.7724, 531347.4567, 530038.6660, 529894.1248, 529972.7093, 529998.9991, 530002.6938, 530000.9749, 530000.0576, 529999.9250, 529999.9786, 529999.9999, 530000.0027, 530000.0008, 529999.9999, 529999.9998, 530000.0000, 530000.0000, 530000.0000, 530000.0000, 530000.0000, 530000.0000, 530000.0000, 530000.0000, 530000.0000, 530000.0000, 530000.0000, 530000.0000, 530000.0000, 530000.0000, 530000.0000, 530000.0000, 530000.0000, 530000.0000, 530000.0000, 530000.0000, 530000.0000, 530000.0000, 530000.0000, 530000.0000, 530000.0000, 530000.0000, 530000.0000, 530000.0000, 530000.0000, 530000.0000, 530000.0000, 530000.0000, 530000.0000, 530000.0000, 530000.0000, 530000.0000, 530000.0000, 530000.0000, 530000.0000, 530000.0000, 530000.0000, 530000.0000, 530000.0000, 530000.0000, 530000.0000, 530000.0000, 530000.0000, 530000.0000, 530000.0000, 530000.0000, 530000.0000, 530000.0000, 
 744359.9527, 742000.1396, 746894.9499, 747052.2307, 750105.0715, 749269.2632, 747156.1623, 742477.8119, 759748.4102, 713103.6213, 630284.9346, 555740.5832, 535097.7837, 530772.3712, 529945.3455, 529933.3006, 529981.9837, 530000.6167, 530002.3617, 530000.6559, 530000.0196, 529999.9344, 529999.9833, 530000.0007, 530000.0024, 530000.0007, 529999.9999, 529999.9998, 530000.0000, 530000.0000, 530000.0000, 530000.0000, 530000.0000, 530000.0000, 530000.0000, 530000.0000, 530000.0000, 530000.0000, 530000.0000, 530000.0000, 530000.0000, 530000.0000, 530000.0000, 530000.0000, 530000.0000, 530000.0000, 530000.0000, 530000.0000, 530000.0000, 530000.0000, 530000.0000, 530000.0000, 530000.0000, 530000.0000, 530000.0000, 530000.0000, 530000.0000, 530000.0000, 530000.0000, 530000.0000, 530000.0000, 530000.0000, 530000.0000, 530000.0000, 530000.0000, 530000.0000, 530000.0000, 530000.0000, 530000.0000, 530000.0000, 530000.0000, 530000.0000, 530000.0000, 530000.0000, 530000.0000, 530000.0000, 530000.0000, 530000.0000, 530000.0000, 
 744841.7805, 740357.7872, 745843.7018, 746510.3131, 748704.8903, 745715.2678, 748599.7254, 754270.9148, 755779.6149, 724984.9725, 702112.0304, 601051.2411, 545749.7547, 533009.4552, 530342.0893, 529910.3537, 529949.8774, 529991.4577, 530002.0139, 530001.5891, 530000.3341, 529999.9754, 529999.9602, 529999.9907, 530000.0013, 530000.0017, 530000.0004, 529999.9999, 529999.9999, 530000.0000, 530000.0000, 530000.0000, 530000.0000, 530000.0000, 530000.0000, 530000.0000, 530000.0000, 530000.0000, 530000.0000, 530000.0000, 530000.0000, 530000.0000, 530000.0000, 530000.0000, 530000.0000, 530000.0000, 530000.0000, 530000.0000, 530000.0000, 530000.0000, 530000.0000, 530000.0000, 530000.0000, 530000.0000, 530000.0000, 530000.0000, 530000.0000, 530000.0000, 530000.0000, 530000.0000, 530000.0000, 530000.0000, 530000.0000, 530000.0000, 530000.0000, 530000.0000, 530000.0000, 530000.0000, 530000.0000, 530000.0000, 530000.0000, 530000.0000, 530000.0000, 530000.0000, 530000.0000, 530000.0000, 530000.0000, 530000.0000, 530000.0000, 
 756181.4949, 742764.5002, 746656.6456, 745776.6956, 746407.3572, 745705.1220, 749986.4833, 751979.3258, 748172.6938, 733500.0913, 737001.3175, 669400.5637, 578956.6964, 540174.8082, 531845.8156, 530125.3110, 529900.2282, 529965.4858, 529997.2534, 530002.8007, 530001.2303, 530000.1265, 529999.9319, 529999.9736, 529999.9970, 530000.0024, 530000.0011, 530000.0001, 529999.9998, 529999.9999, 530000.0000, 530000.0000, 530000.0000, 530000.0000, 530000.0000, 530000.0000, 530000.0000, 530000.0000, 530000.0000, 530000.0000, 530000.0000, 530000.0000, 530000.0000, 530000.0000, 530000.0000, 530000.0000, 530000.0000, 530000.0000, 530000.0000, 530000.0000, 530000.0000, 530000.0000, 530000.0000, 530000.0000, 530000.0000, 530000.0000, 530000.0000, 530000.0000, 530000.0000, 530000.0000, 530000.0000, 530000.0000, 530000.0000, 530000.0000, 530000.0000, 530000.0000, 530000.0000, 530000.0000, 530000.0000, 530000.0000, 530000.0000, 530000.0000, 530000.0000, 530000.0000, 530000.0000, 530000.0000, 530000.0000, 530000.0000, 530000.0000, 
 752911.4713, 744868.4076, 748356.3403, 746175.5185, 746790.6199, 746112.7395, 749395.2647, 748214.0786, 746628.6897, 743624.4253, 758292.5886, 716795.6104, 641752.2740, 561407.6470, 536367.8890, 531062.4771, 529988.6794, 529898.7900, 529975.7345, 529999.6549, 530002.7516, 530000.9243, 530000.0386, 529999.9188, 529999.9779, 530000.0003, 530000.0031, 530000.0009, 529999.9999, 529999.9998, 529999.9999, 530000.0000, 530000.0000, 530000.0000, 530000.0000, 530000.0000, 530000.0000, 530000.0000, 530000.0000, 530000.0000, 530000.0000, 530000.0000, 530000.0000, 530000.0000, 530000.0000, 530000.0000, 530000.0000, 530000.0000, 530000.0000, 530000.0000, 530000.0000, 530000.0000, 530000.0000, 530000.0000, 530000.0000, 530000.0000, 530000.0000, 530000.0000, 530000.0000, 530000.0000, 530000.0000, 530000.0000, 530000.0000, 530000.0000, 530000.0000, 530000.0000, 530000.0000, 530000.0000, 530000.0000, 530000.0000, 530000.0000, 530000.0000, 530000.0000, 530000.0000, 530000.0000, 530000.0000, 530000.0000, 530000.0000, 530000.0000, 
 746618.1175, 743681.6456, 748356.5721, 746759.9260, 747517.5453, 746611.4969, 748117.0290, 745161.6624, 748077.0059, 754107.6140, 754316.0068, 725848.7493, 709642.6920, 613553.7741, 550157.5939, 534081.0464, 530565.5253, 529922.6773, 529942.1331, 529984.5199, 530000.9950, 530002.2174, 530000.6017, 530000.0167, 529999.9365, 529999.9831, 530000.0007, 530000.0026, 530000.0007, 529999.9998, 529999.9998, 529999.9999, 530000.0000, 530000.0000, 530000.0000, 530000.0000, 530000.0000, 530000.0000, 530000.0000, 530000.0000, 530000.0000, 530000.0000, 530000.0000, 530000.0000, 530000.0000, 530000.0000, 530000.0000, 530000.0000, 530000.0000, 530000.0000, 530000.0000, 530000.0000, 530000.0000, 530000.0000, 530000.0000, 530000.0000, 530000.0000, 530000.0000, 530000.0000, 530000.0000, 530000.0000, 530000.0000, 530000.0000, 530000.0000, 530000.0000, 530000.0000, 530000.0000, 530000.0000, 530000.0000, 530000.0000, 530000.0000, 530000.0000, 530000.0000, 530000.0000, 530000.0000, 530000.0000, 530000.0000, 530000.0000, 530000.0000, 
 745948.8028, 742510.9200, 747872.7403, 746857.6684, 748062.7020, 746556.3149, 746945.7332, 745762.3817, 749491.9400, 751189.0906, 747596.3647, 734585.4276, 740411.3413, 679987.5271, 588162.3347, 542849.8891, 532465.1776, 530252.6428, 529911.6920, 529954.3680, 529993.1617, 530002.1955, 530001.5393, 530000.3029, 529999.9675, 529999.9609, 529999.9912, 530000.0015, 530000.0018, 530000.0004, 529999.9998, 529999.9999, 530000.0000, 530000.0000, 530000.0000, 530000.0000, 530000.0000, 530000.0000, 530000.0000, 530000.0000, 530000.0000, 530000.0000, 530000.0000, 530000.0000, 530000.0000, 530000.0000, 530000.0000, 530000.0000, 530000.0000, 530000.0000, 530000.0000, 530000.0000, 530000.0000, 530000.0000, 530000.0000, 530000.0000, 530000.0000, 530000.0000, 530000.0000, 530000.0000, 530000.0000, 530000.0000, 530000.0000, 530000.0000, 530000.0000, 530000.0000, 530000.0000, 530000.0000, 530000.0000, 530000.0000, 530000.0000, 530000.0000, 530000.0000, 530000.0000, 530000.0000, 530000.0000, 530000.0000, 530000.0000, 530000.0000, 
 743270.7204, 740690.9937, 746652.4758, 746349.1458, 748042.7923, 746512.7347, 747214.5093, 746684.7489, 749100.1755, 747807.3672, 747122.6049, 744579.4368, 756296.4165, 719864.2730, 655845.3771, 569841.3174, 538380.0135, 531511.9278, 530074.9503, 529898.7555, 529968.8613, 529997.7048, 530002.7504, 530001.2110, 530000.1198, 529999.9274, 529999.9724, 529999.9971, 530000.0027, 530000.0012, 530000.0001, 529999.9998, 529999.9999, 530000.0000, 530000.0000, 530000.0000, 530000.0000, 530000.0000, 530000.0000, 530000.0000, 530000.0000, 530000.0000, 530000.0000, 530000.0000, 530000.0000, 530000.0000, 530000.0000, 530000.0000, 530000.0000, 530000.0000, 530000.0000, 530000.0000, 530000.0000, 530000.0000, 530000.0000, 530000.0000, 530000.0000, 530000.0000, 530000.0000, 530000.0000, 530000.0000, 530000.0000, 530000.0000, 530000.0000, 530000.0000, 530000.0000, 530000.0000, 530000.0000, 530000.0000, 530000.0000, 530000.0000, 530000.0000, 530000.0000, 530000.0000, 530000.0000, 530000.0000, 530000.0000, 530000.0000, 530000.0000, 
 744233.2694, 739809.2718, 744512.4298, 744631.2079, 747627.1837, 746428.0139, 747674.7011, 747206.6599, 748176.8032, 745699.3485, 748599.0070, 753412.5439, 752699.1813, 727098.7033, 714855.9256, 627787.7476, 555791.1203, 535295.9511, 530844.8226, 529963.0741, 529911.1687, 529977.3926, 529999.7576, 530002.5952, 530000.8777, 530000.0478, 529999.9245, 529999.9772, 530000.0000, 530000.0032, 530000.0010, 529999.9999, 529999.9998, 529999.9999, 530000.0000, 530000.0000, 530000.0000, 530000.0000, 530000.0000, 530000.0000, 530000.0000, 530000.0000, 530000.0000, 530000.0000, 530000.0000, 530000.0000, 530000.0000, 530000.0000, 530000.0000, 530000.0000, 530000.0000, 530000.0000, 530000.0000, 530000.0000, 530000.0000, 530000.0000, 530000.0000, 530000.0000, 530000.0000, 530000.0000, 530000.0000, 530000.0000, 530000.0000, 530000.0000, 530000.0000, 530000.0000, 530000.0000, 530000.0000, 530000.0000, 530000.0000, 530000.0000, 530000.0000, 530000.0000, 530000.0000, 530000.0000, 530000.0000, 530000.0000, 530000.0000, 530000.0000, 
 756223.3526, 742364.1140, 745444.8947, 744587.3932, 746407.0792, 745960.6791, 747615.8226, 747016.0259, 747319.8788, 746434.1483, 749803.9665, 750454.0540, 746927.6371, 736039.5340, 744377.2201, 689995.4269, 602877.1297, 546843.5100, 533367.6555, 530446.9247, 529917.8999, 529945.9605, 529987.0602, 530001.3366, 530001.9811, 530000.5323, 530000.0121, 529999.9396, 529999.9837, 530000.0006, 530000.0026, 530000.0008, 529999.9999, 529999.9998, 529999.9999, 530000.0000, 530000.0000, 530000.0000, 530000.0000, 530000.0000, 530000.0000, 530000.0000, 530000.0000, 530000.0000, 530000.0000, 530000.0000, 530000.0000, 530000.0000, 530000.0000, 530000.0000, 530000.0000, 530000.0000, 530000.0000, 530000.0000, 530000.0000, 530000.0000, 530000.0000, 530000.0000, 530000.0000, 530000.0000, 530000.0000, 530000.0000, 530000.0000, 530000.0000, 530000.0000, 530000.0000, 530000.0000, 530000.0000, 530000.0000, 530000.0000, 530000.0000, 530000.0000, 530000.0000, 530000.0000, 530000.0000, 530000.0000, 530000.0000, 530000.0000, 530000.0000, 
 752848.2116, 744904.2350, 747619.9287, 745142.0503, 746430.3244, 745507.2551, 747267.1201, 746713.8465, 747466.2418, 747364.4299, 749405.4163, 746891.5333, 746958.4241, 746515.5049, 754962.5822, 724513.7001, 672124.4504, 580321.6629, 541051.8984, 532136.4348, 530183.6160, 529905.9778, 529958.3653, 529994.7233, 530002.4602, 530001.4419, 530000.2642, 529999.9618, 529999.9627, 529999.9918, 530000.0017, 530000.0018, 530000.0004, 529999.9998, 529999.9998, 530000.0000, 530000.0000, 530000.0000, 530000.0000, 530000.0000, 530000.0000, 530000.0000, 530000.0000, 530000.0000, 530000.0000, 530000.0000, 530000.0000, 530000.0000, 530000.0000, 530000.0000, 530000.0000, 530000.0000, 530000.0000, 530000.0000, 530000.0000, 530000.0000, 530000.0000, 530000.0000, 530000.0000, 530000.0000, 530000.0000, 530000.0000, 530000.0000, 530000.0000, 530000.0000, 530000.0000, 530000.0000, 530000.0000, 530000.0000, 530000.0000, 530000.0000, 530000.0000, 530000.0000, 530000.0000, 530000.0000, 530000.0000, 530000.0000, 530000.0000, 530000.0000, 
 746464.0535, 743648.8101, 747955.5495, 746275.2909, 746832.7602, 745569.3722, 746784.8496, 746227.5175, 747446.8721, 747341.4036, 748541.0513, 746100.0633, 748495.5751, 752840.5621, 751086.8488, 728653.3068, 719347.0610, 645834.9702, 564566.4665, 537352.1573, 531316.7875, 530042.0255, 529896.4742, 529971.2599, 529998.2396, 530002.7748, 530001.1685, 530000.1029, 529999.9263, 529999.9731, 529999.9974, 530000.0027, 530000.0013, 530000.0001, 529999.9998, 529999.9999, 530000.0000, 530000.0000, 530000.0000, 530000.0000, 530000.0000, 530000.0000, 530000.0000, 530000.0000, 530000.0000, 530000.0000, 530000.0000, 530000.0000, 530000.0000, 530000.0000, 530000.0000, 530000.0000, 530000.0000, 530000.0000, 530000.0000, 530000.0000, 530000.0000, 530000.0000, 530000.0000, 530000.0000, 530000.0000, 530000.0000, 530000.0000, 530000.0000, 530000.0000, 530000.0000, 530000.0000, 530000.0000, 530000.0000, 530000.0000, 530000.0000, 530000.0000, 530000.0000, 530000.0000, 530000.0000, 530000.0000, 530000.0000, 530000.0000, 530000.0000, 
 745764.3302, 742418.6263, 747578.2615, 746448.7955, 747405.3526, 745794.3335, 746878.1507, 746225.8125, 747319.9047, 747044.6828, 747938.8318, 746673.0064, 749807.9726, 750188.9671, 746002.2921, 737579.1862, 752710.1329, 703644.6829, 619182.1139, 552903.0670, 534726.8432, 530749.5232, 529947.3889, 529916.9565, 529977.8785, 529999.7493, 530002.5302, 530000.8393, 530000.0410, 529999.9249, 529999.9777, 530000.0001, 530000.0033, 530000.0011, 529999.9999, 529999.9997, 529999.9999, 530000.0000, 530000.0000, 530000.0000, 530000.0000, 530000.0000, 530000.0000, 530000.0000, 530000.0000, 530000.0000, 530000.0000, 530000.0000, 530000.0000, 530000.0000, 530000.0000, 530000.0000, 530000.0000, 530000.0000, 530000.0000, 530000.0000, 530000.0000, 530000.0000, 530000.0000, 530000.0000, 530000.0000, 530000.0000, 530000.0000, 530000.0000, 530000.0000, 530000.0000, 530000.0000, 530000.0000, 530000.0000, 530000.0000, 530000.0000, 530000.0000, 530000.0000, 530000.0000, 530000.0000, 530000.0000, 530000.0000, 530000.0000, 530000.0000, 
 743828.8557, 740859.5147, 745890.0075, 745673.1867, 747442.1258, 746102.4898, 747031.4705, 746281.5792, 747179.1621, 746679.7913, 747974.8670, 747307.4149, 749415.6053, 747043.8247, 746961.8482, 750560.4114, 751541.7034, 721414.5076, 690296.7195, 595953.7361, 545509.1016, 533136.1873, 530405.1338, 529917.8178, 529946.0353, 529987.3305, 530001.3271, 530002.0346, 530000.5340, 530000.0168, 529999.9421, 529999.9837, 530000.0007, 530000.0028, 530000.0009, 529999.9999, 529999.9998, 529999.9999, 530000.0000, 530000.0000, 530000.0000, 530000.0000, 530000.0000, 530000.0000, 530000.0000, 530000.0000, 530000.0000, 530000.0000, 530000.0000, 530000.0000, 530000.0000, 530000.0000, 530000.0000, 530000.0000, 530000.0000, 530000.0000, 530000.0000, 530000.0000, 530000.0000, 530000.0000, 530000.0000, 530000.0000, 530000.0000, 530000.0000, 530000.0000, 530000.0000, 530000.0000, 530000.0000, 530000.0000, 530000.0000, 530000.0000, 530000.0000, 530000.0000, 530000.0000, 530000.0000, 530000.0000, 530000.0000, 530000.0000, 530000.0000, 
 756966.0354, 744438.0046, 746878.1285, 745843.6184, 747263.4493, 746135.6167, 747154.1521, 746354.6710, 747112.7508, 746706.7246, 748013.4289, 747277.7922, 748682.1380, 746981.1145, 748805.4330, 749820.3991, 747421.1888, 729803.4656, 729666.0740, 663612.8051, 577535.4600, 540317.7448, 532007.5869, 530173.7723, 529908.9855, 529958.9053, 529994.4783, 530002.3561, 530001.4564, 530000.2848, 529999.9702, 529999.9621, 529999.9907, 530000.0014, 530000.0020, 530000.0005, 529999.9998, 529999.9998, 530000.0000, 530000.0000, 530000.0000, 530000.0000, 530000.0000, 530000.0000, 530000.0000, 530000.0000, 530000.0000, 530000.0000, 530000.0000, 530000.0000, 530000.0000, 530000.0000, 530000.0000, 530000.0000, 530000.0000, 530000.0000, 530000.0000, 530000.0000, 530000.0000, 530000.0000, 530000.0000, 530000.0000, 530000.0000, 530000.0000, 530000.0000, 530000.0000, 530000.0000, 530000.0000, 530000.0000, 530000.0000, 530000.0000, 530000.0000, 530000.0000, 530000.0000, 530000.0000, 530000.0000, 530000.0000, 530000.0000, 530000.0000, 
 750306.8411, 744324.8966, 748199.8535, 746411.7681, 747414.5418, 746226.4124, 747238.4212, 746446.9874, 747151.9698, 746789.5929, 747986.8070, 747120.8776, 748151.0381, 747193.7772, 748787.1889, 747684.0608, 744964.3027, 740909.4143, 753808.1257, 711617.9560, 640248.4678, 562043.8000, 537011.7345, 531266.7981, 530037.2317, 529898.2226, 529971.0487, 529997.8752, 530002.6769, 530001.1896, 530000.1179, 529999.9348, 529999.9739, 529999.9965, 530000.0024, 530000.0014, 530000.0002, 529999.9998, 529999.9999, 530000.0000, 530000.0000, 530000.0000, 530000.0000, 530000.0000, 530000.0000, 530000.0000, 530000.0000, 530000.0000, 530000.0000, 530000.0000, 530000.0000, 530000.0000, 530000.0000, 530000.0000, 530000.0000, 530000.0000, 530000.0000, 530000.0000, 530000.0000, 530000.0000, 530000.0000, 530000.0000, 530000.0000, 530000.0000, 530000.0000, 530000.0000, 530000.0000, 530000.0000, 530000.0000, 530000.0000, 530000.0000, 530000.0000, 530000.0000, 530000.0000, 530000.0000, 530000.0000, 530000.0000, 530000.0000, 530000.0000, 
 748185.5384, 743717.0092, 748265.5468, 747114.4704, 747832.7518, 746414.9371, 747344.2837, 746562.7753, 747227.2381, 746878.0050, 747943.2870, 746937.8809, 748108.6289, 747274.2961, 748110.9666, 745678.7100, 746903.2286, 752591.9174, 750976.5995, 722912.4882, 705778.8069, 614546.4465, 551825.6128, 534623.5810, 530733.7074, 529950.2748, 529914.9657, 529977.2972, 529999.3456, 530002.4541, 530000.8860, 530000.0464, 529999.9260, 529999.9774, 529999.9997, 530000.0031, 530000.0011, 530000.0000, 529999.9997, 529999.9999, 530000.0000, 530000.0000, 530000.0000, 530000.0000, 530000.0000, 530000.0000, 530000.0000, 530000.0000, 530000.0000, 530000.0000, 530000.0000, 530000.0000, 530000.0000, 530000.0000, 530000.0000, 530000.0000, 530000.0000, 530000.0000, 530000.0000, 530000.0000, 530000.0000, 530000.0000, 530000.0000, 530000.0000, 530000.0000, 530000.0000, 530000.0000, 530000.0000, 530000.0000, 530000.0000, 530000.0000, 530000.0000, 530000.0000, 530000.0000, 530000.0000, 530000.0000, 530000.0000, 530000.0000, 530000.0000, 
 743509.1936, 742054.6718, 747582.6515, 746953.0081, 748064.1871, 746844.8883, 747556.2795, 746736.9935, 747345.3142, 746966.3265, 747899.9304, 746892.9990, 748013.8116, 747103.9685, 747402.5368, 746085.2554, 749064.3383, 750117.9466, 745467.9471, 733338.2651, 739563.7886, 682436.9273, 594223.0235, 545121.5907, 533167.3247, 530424.4859, 529921.8518, 529945.0916, 529985.4498, 530000.7965, 530002.1341, 530000.6175, 530000.0373, 529999.9432, 529999.9829, 530000.0007, 530000.0030, 530000.0009, 529999.9999, 529999.9997, 529999.9999, 530000.0000, 530000.0000, 530000.0000, 530000.0000, 530000.0000, 530000.0000, 530000.0000, 530000.0000, 530000.0000, 530000.0000, 530000.0000, 530000.0000, 530000.0000, 530000.0000, 530000.0000, 530000.0000, 530000.0000, 530000.0000, 530000.0000, 530000.0000, 530000.0000, 530000.0000, 530000.0000, 530000.0000, 530000.0000, 530000.0000, 530000.0000, 530000.0000, 530000.0000, 530000.0000, 530000.0000, 530000.0000, 530000.0000, 530000.0000, 530000.0000, 530000.0000, 530000.0000, 530000.0000, 
 744224.8987, 740732.5009, 745480.1051, 745684.9900, 747956.6784, 746865.0929, 747781.9139, 746980.0300, 747517.0802, 747069.3779, 747905.9101, 746901.8990, 747892.8125, 746884.7779, 747438.6284, 746810.4696, 749025.4705, 747275.8822, 745664.8870, 744227.8805, 752627.4325, 717094.9786, 661543.5421, 576295.7442, 540314.0048, 532048.7627, 530195.4574, 529914.3111, 529957.3804, 529993.1061, 530001.9599, 530001.5591, 530000.3604, 529999.9918, 529999.9549, 529999.9884, 530000.0011, 530000.0023, 530000.0006, 529999.9998, 529999.9998, 529999.9999, 530000.0000, 530000.0000, 530000.0000, 530000.0000, 530000.0000, 530000.0000, 530000.0000, 530000.0000, 530000.0000, 530000.0000, 530000.0000, 530000.0000, 530000.0000, 530000.0000, 530000.0000, 530000.0000, 530000.0000, 530000.0000, 530000.0000, 530000.0000, 530000.0000, 530000.0000, 530000.0000, 530000.0000, 530000.0000, 530000.0000, 530000.0000, 530000.0000, 530000.0000, 530000.0000, 530000.0000, 530000.0000, 530000.0000, 530000.0000, 530000.0000, 530000.0000, 530000.0000, 
 756156.7094, 743180.9209, 746324.2412, 745644.8588, 747278.5601, 746676.2091, 747773.4602, 747169.7206, 747721.9371, 747204.9342, 747923.3674, 746923.9661, 747818.8887, 746950.8203, 747639.8378, 747233.0952, 748250.9339, 745526.7093, 747752.5106, 752804.4926, 750275.1972, 727940.1192, 720338.6579, 638813.3637, 562829.0400, 537297.6660, 531344.4751, 530060.5234, 529905.6779, 529969.3044, 529997.0023, 530002.5146, 530001.2423, 530000.1743, 529999.9550, 529999.9717, 529999.9944, 530000.0020, 530000.0017, 530000.0003, 529999.9998, 529999.9998, 530000.0000, 530000.0000, 530000.0000, 530000.0000, 530000.0000, 530000.0000, 530000.0000, 530000.0000, 530000.0000, 530000.0000, 530000.0000, 530000.0000, 530000.0000, 530000.0000, 530000.0000, 530000.0000, 530000.0000, 530000.0000, 530000.0000, 530000.0000, 530000.0000, 530000.0000, 530000.0000, 530000.0000, 530000.0000, 530000.0000, 530000.0000, 530000.0000, 530000.0000, 530000.0000, 530000.0000, 530000.0000, 530000.0000, 530000.0000, 530000.0000, 530000.0000, 530000.0000, 
 752700.5616, 745062.4058, 748151.3497, 746212.5995, 747357.2188, 746527.2152, 747674.7342, 747141.8387, 747735.4658, 747309.8347, 747980.9271, 746994.5114, 747870.4604, 747045.7164, 747669.4717, 747048.1789, 747542.5269, 746174.8927, 749731.4462, 750058.8391, 746114.7385, 736685.1978, 742402.5905, 696460.8144, 616835.7825, 552666.7823, 534940.3407, 530814.1156, 529970.3085, 529911.2902, 529976.2048, 529998.8311, 530002.4059, 530000.9766, 530000.0785, 529999.9348, 529999.9772, 529999.9986, 530000.0028, 530000.0012, 530000.0001, 529999.9997, 529999.9999, 530000.0000, 530000.0000, 530000.0000, 530000.0000, 530000.0000, 530000.0000, 530000.0000, 530000.0000, 530000.0000, 530000.0000, 530000.0000, 530000.0000, 530000.0000, 530000.0000, 530000.0000, 530000.0000, 530000.0000, 530000.0000, 530000.0000, 530000.0000, 530000.0000, 530000.0000, 530000.0000, 530000.0000, 530000.0000, 530000.0000, 530000.0000, 530000.0000, 530000.0000, 530000.0000, 530000.0000, 530000.0000, 530000.0000, 530000.0000, 530000.0000, 530000.0000, 
 746093.8339, 743810.2927, 748174.8322, 746993.3872, 747655.8990, 746610.2210, 747647.3101, 747097.1894, 747712.6562, 747349.1501, 748021.7776, 747087.1478, 747950.4971, 747139.2153, 747635.5520, 746878.5286, 747609.4338, 746894.7929, 749417.1477, 747029.3655, 746294.1135, 745878.1360, 753754.5987, 728290.6322, 687735.8512, 596288.9017, 545949.9644, 533423.1969, 530487.0976, 529929.1495, 529943.6416, 529982.9663, 530000.1454, 530002.1509, 530000.7131, 530000.0514, 529999.9405, 529999.9811, 530000.0002, 530000.0030, 530000.0010, 529999.9999, 529999.9997, 529999.9999, 530000.0000, 530000.0000, 530000.0000, 530000.0000, 530000.0000, 530000.0000, 530000.0000, 530000.0000, 530000.0000, 530000.0000, 530000.0000, 530000.0000, 530000.0000, 530000.0000, 530000.0000, 530000.0000, 530000.0000, 530000.0000, 530000.0000, 530000.0000, 530000.0000, 530000.0000, 530000.0000, 530000.0000, 530000.0000, 530000.0000, 530000.0000, 530000.0000, 530000.0000, 530000.0000, 530000.0000, 530000.0000, 530000.0000, 530000.0000, 530000.0000, 
 745490.9043, 742562.3269, 747642.2339, 746974.8397, 747982.9958, 746879.5105, 747715.4235, 747107.1377, 747675.5363, 747340.5763, 748037.5659, 747177.5699, 748022.8058, 747221.3323, 747639.4762, 746930.2222, 747802.1263, 747361.5139, 748559.9656, 745789.1040, 747883.5398, 751986.8404, 750998.6423, 731378.1866, 723754.8758, 665243.0565, 579079.6111, 541150.0783, 532237.8889, 530245.3421, 529918.9967, 529953.6809, 529991.0590, 530001.5631, 530001.7274, 530000.4669, 530000.0229, 529999.9537, 529999.9864, 530000.0008, 530000.0026, 530000.0008, 529999.9999, 529999.9997, 529999.9999, 530000.0000, 530000.0000, 530000.0000, 530000.0000, 530000.0000, 530000.0000, 530000.0000, 530000.0000, 530000.0000, 530000.0000, 530000.0000, 530000.0000, 530000.0000, 530000.0000, 530000.0000, 530000.0000, 530000.0000, 530000.0000, 530000.0000, 530000.0000, 530000.0000, 530000.0000, 530000.0000, 530000.0000, 530000.0000, 530000.0000, 530000.0000, 530000.0000, 530000.0000, 530000.0000, 530000.0000, 530000.0000, 530000.0000, 530000.0000, 
 743672.2670, 741019.9215, 745690.6313, 745838.6351, 747900.9278, 746917.6729, 747798.9302, 747160.9324, 747677.0689, 747341.1776, 748027.7789, 747275.1458, 748053.6182, 747296.2433, 747673.6128, 747009.4969, 747867.1910, 747164.7584, 747926.4398, 746490.1189, 749478.4885, 749650.2635, 747110.3727, 738651.7329, 750986.4304, 716943.3423, 643408.8321, 566024.5602, 538051.2338, 531559.1481, 530105.5405, 529911.8021, 529965.2221, 529995.7434, 530002.2736, 530001.3040, 530000.2606, 529999.9812, 529999.9680, 529999.9919, 530000.0013, 530000.0019, 530000.0006, 529999.9998, 529999.9998, 529999.9999, 530000.0000, 530000.0000, 530000.0000, 530000.0000, 530000.0000, 530000.0000, 530000.0000, 530000.0000, 530000.0000, 530000.0000, 530000.0000, 530000.0000, 530000.0000, 530000.0000, 530000.0000, 530000.0000, 530000.0000, 530000.0000, 530000.0000, 530000.0000, 530000.0000, 530000.0000, 530000.0000, 530000.0000, 530000.0000, 530000.0000, 530000.0000, 530000.0000, 530000.0000, 530000.0000, 530000.0000, 530000.0000, 530000.0000, 
 757233.5178, 744947.0653, 746753.6039, 745969.0870, 747423.7717, 746796.5379, 747740.0210, 747148.8781, 747666.5113, 747346.6384, 748011.3630, 747322.0319, 748052.5617, 747346.9472, 747731.4805, 747114.5943, 747905.3422, 747169.3664, 748075.5344, 747080.8243, 749147.4493, 746901.5501, 747493.6997, 749014.0245, 750596.3150, 728583.8244, 708934.2435, 622589.1484, 555642.4750, 535667.0633, 531020.6185, 530010.1677, 529908.3082, 529974.3872, 529998.1760, 530002.4909, 530001.0973, 530000.1177, 529999.9505, 529999.9774, 529999.9963, 530000.0021, 530000.0015, 530000.0003, 529999.9998, 529999.9998, 530000.0000, 530000.0000, 530000.0000, 530000.0000, 530000.0000, 530000.0000, 530000.0000, 530000.0000, 530000.0000, 530000.0000, 530000.0000, 530000.0000, 530000.0000, 530000.0000, 530000.0000, 530000.0000, 530000.0000, 530000.0000, 530000.0000, 530000.0000, 530000.0000, 530000.0000, 530000.0000, 530000.0000, 530000.0000, 530000.0000, 530000.0000, 530000.0000, 530000.0000, 530000.0000, 530000.0000, 530000.0000, 530000.0000, 
 750354.6174, 744786.2292, 748175.7635, 746531.8098, 747536.4263, 746714.0968, 747637.0577, 747100.2694, 747620.3589, 747327.2906, 747981.3955, 747319.3555, 748036.6340, 747407.0717, 747812.9832, 747251.7759, 747973.8746, 747262.9081, 748288.2458, 747399.5590, 748793.5835, 746927.6626, 748763.5046, 748249.0509, 746950.3316, 734065.9491, 734768.7157, 688040.5151, 604325.4568, 548828.4010, 534187.9486, 530663.9731, 529954.2158, 529923.0510, 529978.5595, 529999.0184, 530002.2105, 530000.8604, 530000.0592, 529999.9417, 529999.9811, 529999.9993, 530000.0026, 530000.0012, 530000.0001, 529999.9997, 529999.9999, 530000.0000, 530000.0000, 530000.0000, 530000.0000, 530000.0000, 530000.0000, 530000.0000, 530000.0000, 530000.0000, 530000.0000, 530000.0000, 530000.0000, 530000.0000, 530000.0000, 530000.0000, 530000.0000, 530000.0000, 530000.0000, 530000.0000, 530000.0000, 530000.0000, 530000.0000, 530000.0000, 530000.0000, 530000.0000, 530000.0000, 530000.0000, 530000.0000, 530000.0000, 530000.0000, 530000.0000, 530000.0000, 
 748241.0948, 744112.0100, 748303.7467, 747313.1137, 747867.4957, 746789.3543, 747583.5363, 747031.7039, 747556.5941, 747290.8039, 747939.7807, 747328.6189, 748038.3110, 747480.9431, 747900.6255, 747402.7567, 748053.1243, 747369.0043, 748315.3901, 747360.4525, 748452.8294, 747020.7865, 748650.2049, 746690.2446, 745911.8964, 742229.6227, 753273.9821, 727885.0856, 674603.0422, 586952.7108, 543586.8816, 532882.9377, 530396.4719, 529929.5735, 529946.9049, 529984.7351, 530000.2316, 530002.0306, 530000.6542, 530000.0503, 529999.9473, 529999.9835, 530000.0005, 530000.0027, 530000.0009, 529999.9999, 529999.9997, 529999.9999, 530000.0000, 530000.0000, 530000.0000, 530000.0000, 530000.0000, 530000.0000, 530000.0000, 530000.0000, 530000.0000, 530000.0000, 530000.0000, 530000.0000, 530000.0000, 530000.0000, 530000.0000, 530000.0000, 530000.0000, 530000.0000, 530000.0000, 530000.0000, 530000.0000, 530000.0000, 530000.0000, 530000.0000, 530000.0000, 530000.0000, 530000.0000, 530000.0000, 530000.0000, 530000.0000, 530000.0000, 
 743518.2959, 742334.9185, 747610.2705, 747124.5355, 748137.0432, 747049.1037, 747642.1113, 747046.5191, 747484.9009, 747246.1567, 747899.0465, 747342.2076, 748049.8433, 747562.0942, 747966.9188, 747510.4333, 748115.7854, 747508.6428, 748268.4571, 747247.8054, 748239.4405, 746968.2803, 748304.7471, 746148.1400, 747371.4494, 750538.2926, 750662.5150, 729934.0409, 716314.9816, 655306.6738, 573070.9220, 540020.7507, 532056.7847, 530220.8440, 529923.6566, 529956.8431, 529991.3995, 530001.3306, 530001.5479, 530000.4436, 530000.0331, 529999.9621, 529999.9881, 530000.0009, 530000.0024, 530000.0008, 529999.9999, 529999.9998, 529999.9999, 530000.0000, 530000.0000, 530000.0000, 530000.0000, 530000.0000, 530000.0000, 530000.0000, 530000.0000, 530000.0000, 530000.0000, 530000.0000, 530000.0000, 530000.0000, 530000.0000, 530000.0000, 530000.0000, 530000.0000, 530000.0000, 530000.0000, 530000.0000, 530000.0000, 530000.0000, 530000.0000, 530000.0000, 530000.0000, 530000.0000, 530000.0000, 530000.0000, 530000.0000, 530000.0000, 
 744274.5697, 741042.9610, 745442.5393, 745802.5728, 747967.4423, 747036.0425, 747741.7472, 747103.3972, 747505.3762, 747268.3941, 747868.7879, 747377.8048, 748084.3759, 747637.6143, 748047.8155, 747620.3778, 748110.6000, 747539.6760, 748170.9062, 747139.9061, 748125.8144, 746969.0034, 748052.5966, 746694.4637, 749292.0773, 748762.5837, 745987.0435, 737096.7625, 750076.3096, 714463.7317, 634736.6785, 561655.4915, 537207.2947, 531397.3480, 530090.8540, 529916.5267, 529967.8920, 529995.9314, 530002.1129, 530001.2367, 530000.2592, 529999.9905, 529999.9704, 529999.9922, 530000.0011, 530000.0019, 530000.0006, 529999.9998, 529999.9998, 529999.9999, 530000.0000, 530000.0000, 530000.0000, 530000.0000, 530000.0000, 530000.0000, 530000.0000, 530000.0000, 530000.0000, 530000.0000, 530000.0000, 530000.0000, 530000.0000, 530000.0000, 530000.0000, 530000.0000, 530000.0000, 530000.0000, 530000.0000, 530000.0000, 530000.0000, 530000.0000, 530000.0000, 530000.0000, 530000.0000, 530000.0000, 530000.0000, 530000.0000, 530000.0000, 
 756362.6453, 743690.8779, 746320.6768, 745771.3883, 747142.6824, 746733.4010, 747678.6917, 747119.0053, 747543.8477, 747327.5737, 747895.3569, 747439.2373, 748130.2378, 747730.9778, 748054.8238, 747675.8676, 748075.0820, 747494.3649, 748090.1813, 747161.6372, 747998.2142, 747101.3701, 748197.3870, 747184.4769, 748890.6818, 746647.7953, 746813.1698, 748728.3891, 748881.9550, 722726.4037, 697967.0830, 617278.3769, 554233.9506, 535482.7152, 530992.8785, 530008.9938, 529911.7083, 529974.4725, 529997.7172, 530002.2662, 530001.0887, 530000.1355, 529999.9650, 529999.9796, 529999.9958, 530000.0017, 530000.0015, 530000.0003, 529999.9998, 529999.9998, 530000.0000, 530000.0000, 530000.0000, 530000.0000, 530000.0000, 530000.0000, 530000.0000, 530000.0000, 530000.0000, 530000.0000, 530000.0000, 530000.0000, 530000.0000, 530000.0000, 530000.0000, 530000.0000, 530000.0000, 530000.0000, 530000.0000, 530000.0000, 530000.0000, 530000.0000, 530000.0000, 530000.0000, 530000.0000, 530000.0000, 530000.0000, 530000.0000, 530000.0000, 
 752781.0614, 745568.6299, 748266.8331, 746346.5125, 747216.0159, 746473.8079, 747449.3882, 747058.8881, 747545.3633, 747383.2862, 747937.5618, 747506.4479, 748160.3752, 747762.0129, 748037.2859, 747653.9554, 748017.5351, 747467.6242, 747961.1576, 747237.1770, 748079.2255, 747317.1384, 748348.9469, 747209.6471, 748343.7773, 746543.6263, 748194.8275, 747839.8070, 744176.5760, 732376.6719, 738980.6912, 684025.4051, 600163.8804, 547669.2521, 533872.4566, 530636.1791, 529955.9800, 529923.8944, 529978.2092, 529998.5109, 530001.9990, 530000.8564, 530000.0717, 529999.9529, 529999.9834, 529999.9990, 530000.0022, 530000.0012, 530000.0001, 529999.9998, 529999.9999, 530000.0000, 530000.0000, 530000.0000, 530000.0000, 530000.0000, 530000.0000, 530000.0000, 530000.0000, 530000.0000, 530000.0000, 530000.0000, 530000.0000, 530000.0000, 530000.0000, 530000.0000, 530000.0000, 530000.0000, 530000.0000, 530000.0000, 530000.0000, 530000.0000, 530000.0000, 530000.0000, 530000.0000, 530000.0000, 530000.0000, 530000.0000, 530000.0000, 
 746006.5309, 744225.5666, 748265.4596, 747206.0118, 747550.6870, 746541.7103, 747315.6576, 746938.9931, 747508.8438, 747421.1867, 747991.8483, 747584.6455, 748164.7981, 747742.9954, 747973.0892, 747626.7158, 747961.8689, 747495.4186, 748006.5210, 747361.9176, 748155.8978, 747477.7853, 748386.1481, 747199.9418, 747791.0644, 746766.9954, 748363.6666, 746344.2942, 745282.5154, 745519.3099, 751570.8447, 718768.9819, 671725.7842, 585253.4584, 543390.1708, 532908.4089, 530409.6164, 529934.9691, 529947.0027, 529983.8975, 529999.7188, 530001.8499, 530000.6651, 530000.0584, 529999.9531, 529999.9849, 530000.0004, 530000.0024, 530000.0010, 530000.0000, 529999.9998, 529999.9999, 530000.0000, 530000.0000, 530000.0000, 530000.0000, 530000.0000, 530000.0000, 530000.0000, 530000.0000, 530000.0000, 530000.0000, 530000.0000, 530000.0000, 530000.0000, 530000.0000, 530000.0000, 530000.0000, 530000.0000, 530000.0000, 530000.0000, 530000.0000, 530000.0000, 530000.0000, 530000.0000, 530000.0000, 530000.0000, 530000.0000, 530000.0000, 
 745382.2028, 742846.6776, 747586.9983, 747040.7323, 747896.2674, 746868.7746, 747406.8672, 746971.5796, 747496.8633, 747418.1929, 747985.1891, 747599.2820, 748151.3567, 747745.1481, 747960.8544, 747636.9290, 748002.2271, 747575.8797, 748107.1591, 747509.1132, 748398.5774, 747669.3522, 748359.3742, 747210.3097, 747896.8259, 747040.2009, 748087.7162, 746375.5579, 747794.1296, 750336.8199, 747460.9935, 724209.1626, 717001.7884, 651403.7667, 571787.0011, 539937.7201, 532076.2956, 530238.0434, 529926.6604, 529955.8053, 529990.3427, 530000.9632, 530001.7100, 530000.5079, 530000.0545, 529999.9654, 529999.9876, 530000.0008, 530000.0024, 530000.0008, 529999.9999, 529999.9998, 529999.9999, 530000.0000, 530000.0000, 530000.0000, 530000.0000, 530000.0000, 530000.0000, 530000.0000, 530000.0000, 530000.0000, 530000.0000, 530000.0000, 530000.0000, 530000.0000, 530000.0000, 530000.0000, 530000.0000, 530000.0000, 530000.0000, 530000.0000, 530000.0000, 530000.0000, 530000.0000, 530000.0000, 530000.0000, 530000.0000, 530000.0000, 
 743492.6243, 741152.3665, 745354.2355, 745702.4664, 747742.2347, 746905.9382, 747557.6514, 747060.8197, 747525.8032, 747439.9439, 747963.2712, 747609.9724, 748126.5701, 747752.2952, 747978.2702, 747681.6121, 748058.0221, 747705.1459, 748201.2667, 747718.5643, 748399.5730, 747833.1138, 748319.4987, 747277.1360, 748048.6100, 747285.5727, 748212.5059, 746939.0821, 749490.9066, 748382.7343, 743665.8984, 736171.5215, 752349.3660, 710324.5100, 635261.5458, 562519.2444, 537630.4295, 531568.8786, 530126.6741, 529922.0475, 529965.8693, 529994.7399, 530001.7020, 530001.2668, 530000.3309, 530000.0194, 529999.9720, 529999.9916, 530000.0009, 530000.0021, 530000.0007, 529999.9999, 529999.9998, 529999.9999, 530000.0000, 530000.0000, 530000.0000, 530000.0000, 530000.0000, 530000.0000, 530000.0000, 530000.0000, 530000.0000, 530000.0000, 530000.0000, 530000.0000, 530000.0000, 530000.0000, 530000.0000, 530000.0000, 530000.0000, 530000.0000, 530000.0000, 530000.0000, 530000.0000, 530000.0000, 530000.0000, 530000.0000, 530000.0000, 
 757130.7835, 745297.1966, 746417.6080, 745816.1789, 747099.1658, 746692.7736, 747568.7462, 747166.5815, 747592.4593, 747485.8688, 747975.4583, 747630.9713, 748137.0300, 747772.8330, 748012.0030, 747773.0538, 748129.5805, 747801.6264, 748229.1555, 747757.4761, 748371.9063, 747815.9703, 748352.9472, 747443.3535, 748254.3845, 747706.1958, 748608.4998, 747516.6148, 749066.2935, 746349.7935, 746057.8745, 750325.4537, 749956.3654, 718214.8482, 696031.5397, 617607.1349, 554761.0377, 535702.9421, 531086.2315, 530033.8809, 529917.9473, 529973.5354, 529997.1494, 530002.1510, 530001.1094, 530000.1881, 529999.9844, 529999.9766, 529999.9942, 530000.0011, 530000.0016, 530000.0005, 529999.9998, 529999.9998, 529999.9999, 530000.0000, 530000.0000, 530000.0000, 530000.0000, 530000.0000, 530000.0000, 530000.0000, 530000.0000, 530000.0000, 530000.0000, 530000.0000, 530000.0000, 530000.0000, 530000.0000, 530000.0000, 530000.0000, 530000.0000, 530000.0000, 530000.0000, 530000.0000, 530000.0000, 530000.0000, 530000.0000, 530000.0000, 
 750105.9774, 744983.7055, 747928.8422, 746412.1333, 747244.7698, 746635.8971, 747452.1168, 747140.6719, 747601.1083, 747524.9764, 747991.6168, 747688.6248, 748149.3215, 747830.3127, 748064.2549, 747821.5777, 748181.0703, 747854.3947, 748210.6489, 747763.9138, 748363.1706, 747856.2701, 748450.7736, 747684.8281, 748495.9844, 748033.2424, 748547.7636, 747285.6031, 748382.2075, 746743.3470, 748713.6271, 748774.9943, 744926.9617, 732103.4359, 747021.0017, 688185.6532, 603915.8057, 549109.4248, 534377.7532, 530765.1834, 529979.9447, 529920.0887, 529977.3933, 529997.8979, 530002.0716, 530000.9647, 530000.1108, 529999.9708, 529999.9842, 529999.9968, 530000.0015, 530000.0013, 530000.0003, 529999.9998, 529999.9998, 530000.0000, 530000.0000, 530000.0000, 530000.0000, 530000.0000, 530000.0000, 530000.0000, 530000.0000, 530000.0000, 530000.0000, 530000.0000, 530000.0000, 530000.0000, 530000.0000, 530000.0000, 530000.0000, 530000.0000, 530000.0000, 530000.0000, 530000.0000, 530000.0000, 530000.0000, 530000.0000, 530000.0000, 
 747860.3334, 744161.7349, 747993.5628, 747210.1100, 747621.2365, 746737.3702, 747477.0551, 747136.9551, 747580.7615, 747515.8764, 747984.4505, 747689.2048, 748143.2591, 747865.5698, 748125.4311, 747960.0265, 748222.1571, 747891.7713, 748202.1066, 747793.5746, 748354.0008, 747953.4040, 748488.8531, 747935.5467, 748524.1617, 747904.4970, 748429.0681, 747300.9466, 748365.4249, 747419.9445, 750068.0301, 747344.6585, 746295.1992, 748362.9753, 747574.3385, 709161.1720, 673350.6979, 588991.0602, 545028.5512, 533341.8619, 530513.7221, 529946.8335, 529932.7878, 529979.7617, 529998.4923, 530001.7724, 530000.7641, 530000.0650, 529999.9619, 529999.9865, 529999.9992, 530000.0019, 530000.0011, 530000.0001, 529999.9998, 529999.9999, 530000.0000, 530000.0000, 530000.0000, 530000.0000, 530000.0000, 530000.0000, 530000.0000, 530000.0000, 530000.0000, 530000.0000, 530000.0000, 530000.0000, 530000.0000, 530000.0000, 530000.0000, 530000.0000, 530000.0000, 530000.0000, 530000.0000, 530000.0000, 530000.0000, 530000.0000, 530000.0000, 
 743008.1222, 742190.7644, 747223.4317, 746984.0392, 747954.8479, 747095.2781, 747590.6063, 747177.8863, 747593.5777, 747519.6261, 747967.5330, 747690.3839, 748153.3545, 747872.9146, 748106.5750, 747960.6365, 748205.0266, 747925.1397, 748212.8351, 747829.8775, 748310.9121, 748000.8355, 748489.2222, 747922.4787, 748492.6086, 748008.1108, 748288.9393, 747328.8252, 748786.6617, 748070.5281, 749388.9510, 746901.8181, 748307.2325, 748071.1851, 745139.2384, 728810.4594, 731700.4888, 657969.3318, 578653.6137, 541704.5446, 532583.1524, 530356.5339, 529938.2998, 529950.2378, 529984.9776, 529999.5696, 530001.6381, 530000.6147, 530000.0598, 529999.9619, 529999.9873, 530000.0002, 530000.0021, 530000.0009, 530000.0000, 529999.9998, 529999.9999, 530000.0000, 530000.0000, 530000.0000, 530000.0000, 530000.0000, 530000.0000, 530000.0000, 530000.0000, 530000.0000, 530000.0000, 530000.0000, 530000.0000, 530000.0000, 530000.0000, 530000.0000, 530000.0000, 530000.0000, 530000.0000, 530000.0000, 530000.0000, 530000.0000, 530000.0000, 
 743824.5469, 740859.4761, 744919.4362, 745565.3995, 747763.2824, 747113.0940, 747751.2685, 747268.9121, 747636.8821, 747540.6898, 747939.7651, 747687.8679, 748123.5135, 747867.8923, 748094.7224, 747940.9711, 748196.4904, 747937.3167, 748205.7138, 747866.3120, 748286.0960, 747997.2148, 748397.2759, 747857.4803, 748442.0499, 747866.3147, 748272.5980, 747858.1854, 748745.6113, 747924.3629, 748921.5372, 747154.1778, 749924.5925, 747596.5731, 745772.8013, 742511.8062, 748172.2804, 703283.0445, 642704.3174, 567408.7523, 539050.1512, 531938.4685, 530220.4028, 529931.1806, 529958.1146, 529990.3979, 530000.6634, 530001.5837, 530000.4851, 530000.0594, 529999.9708, 529999.9889, 530000.0007, 530000.0022, 530000.0009, 530000.0000, 529999.9998, 529999.9999, 530000.0000, 530000.0000, 530000.0000, 530000.0000, 530000.0000, 530000.0000, 530000.0000, 530000.0000, 530000.0000, 530000.0000, 530000.0000, 530000.0000, 530000.0000, 530000.0000, 530000.0000, 530000.0000, 530000.0000, 530000.0000, 530000.0000, 530000.0000, 530000.0000, 
 756185.5871, 743720.9680, 745890.9354, 745573.1450, 746810.2893, 746762.9633, 747728.1509, 747364.0138, 747709.5463, 747582.5666, 747954.2743, 747691.5897, 748089.7894, 747849.5848, 748076.9782, 747916.4524, 748173.6810, 747938.4007, 748178.7327, 747866.4755, 748257.0806, 747995.9970, 748285.0935, 747843.5900, 748321.7456, 747871.9183, 748243.0048, 747749.9179, 748414.8947, 747746.4853, 748756.8314, 747581.2523, 749722.5834, 747282.5090, 746693.2461, 746244.5573, 748401.9706, 729545.9596, 714718.6437, 628432.1628, 560701.6158, 537235.5097, 531493.9402, 530125.6072, 529926.7914, 529966.6582, 529994.4423, 530001.4163, 530001.2180, 530000.3493, 530000.0365, 529999.9782, 529999.9922, 530000.0005, 530000.0017, 530000.0007, 529999.9999, 529999.9998, 529999.9999, 530000.0000, 530000.0000, 530000.0000, 530000.0000, 530000.0000, 530000.0000, 530000.0000, 530000.0000, 530000.0000, 530000.0000, 530000.0000, 530000.0000, 530000.0000, 530000.0000, 530000.0000, 530000.0000, 530000.0000, 530000.0000, 530000.0000, 530000.0000, 
 752450.4582, 745651.2194, 748069.5111, 746234.8736, 746965.0575, 746501.5402, 747468.2572, 747266.9753, 747708.9984, 747631.6387, 747987.6509, 747709.4040, 748099.2870, 747849.7251, 748035.8476, 747912.9151, 748127.4009, 747928.1720, 748143.7276, 747875.1300, 748252.0493, 747990.7248, 748266.3816, 747842.0031, 748310.2246, 747864.8833, 748189.0408, 747685.9304, 748344.7584, 747383.6991, 748178.6597, 747719.7614, 749257.9793, 746680.0358, 748104.8336, 750046.5683, 747867.7840, 734849.6703, 738153.0435, 686106.4068, 614473.2711, 553956.0176, 535605.4475, 531094.8102, 530047.7063, 529925.6492, 529973.3934, 529996.7072, 530001.8838, 530001.0527, 530000.2211, 530000.0027, 529999.9794, 529999.9952, 530000.0014, 530000.0018, 530000.0005, 529999.9998, 529999.9998, 529999.9999, 530000.0000, 530000.0000, 530000.0000, 530000.0000, 530000.0000, 530000.0000, 530000.0000, 530000.0000, 530000.0000, 530000.0000, 530000.0000, 530000.0000, 530000.0000, 530000.0000, 530000.0000, 530000.0000, 530000.0000, 530000.0000, 530000.0000, 
 745437.3878, 744205.7758, 748067.5415, 747248.5926, 747448.3137, 746592.7516, 747201.8938, 747018.0668, 747618.1170, 747595.3783, 747986.7087, 747742.5858, 748102.3400, 747852.8060, 748040.6168, 747915.2397, 748124.1213, 747931.4373, 748131.4280, 747900.2840, 748240.0202, 748028.2457, 748240.9524, 747884.8643, 748302.2261, 747852.9191, 748046.1487, 747612.8691, 748149.8474, 747486.2628, 748145.6010, 747523.2173, 748633.3783, 746373.5196, 749459.7390, 749631.2666, 746415.7718, 737005.0757, 745107.4335, 735469.6690, 688813.5074, 601833.9360, 549525.3252, 534526.2101, 530839.1713, 530003.0310, 529924.8924, 529977.3544, 529997.5249, 530001.9363, 530000.9349, 530000.1319, 529999.9839, 529999.9776, 529999.9915, 530000.0004, 530000.0017, 530000.0005, 529999.9999, 529999.9998, 529999.9999, 530000.0000, 530000.0000, 530000.0000, 530000.0000, 530000.0000, 530000.0000, 530000.0000, 530000.0000, 530000.0000, 530000.0000, 530000.0000, 530000.0000, 530000.0000, 530000.0000, 530000.0000, 530000.0000, 530000.0000, 530000.0000, 
 744972.9319, 742804.1916, 747384.3951, 747085.8985, 747875.1182, 747005.2827, 747330.9883, 747033.7128, 747454.6583, 747486.0604, 747952.0916, 747749.2331, 748106.5563, 747864.2690, 748043.2001, 747930.3520, 748128.2360, 747945.2768, 748141.2241, 747939.1914, 748225.1974, 747994.6645, 748215.7456, 747965.7838, 748267.9436, 747859.5195, 748087.7194, 747572.8577, 748134.9371, 747607.6863, 748233.3113, 747326.5536, 747709.7593, 746483.2352, 749153.3992, 748349.8598, 747422.7118, 741632.5190, 753565.9827, 747482.1796, 712933.1161, 671340.1323, 590318.7408, 545493.9484, 533597.2636, 530611.1554, 529967.9372, 529930.0863, 529979.1037, 529997.8734, 530001.8041, 530000.8174, 530000.0860, 529999.9872, 529999.9928, 529999.9964, 529999.9999, 530000.0010, 530000.0003, 529999.9999, 529999.9999, 530000.0000, 530000.0000, 530000.0000, 530000.0000, 530000.0000, 530000.0000, 530000.0000, 530000.0000, 530000.0000, 530000.0000, 530000.0000, 530000.0000, 530000.0000, 530000.0000, 530000.0000, 530000.0000, 530000.0000, 530000.0000, 
 743245.6133, 741144.9798, 745081.5463, 745692.7811, 747690.4020, 747034.6188, 747533.0337, 747108.5623, 747409.5939, 747398.6810, 747850.1519, 747708.5405, 748094.9372, 747889.4800, 748059.2403, 747959.5446, 748140.2725, 747962.1263, 748142.1198, 747961.0155, 748190.9492, 747975.0092, 748191.6327, 747972.5161, 748280.1858, 747929.6660, 748113.8308, 747851.2040, 748184.2256, 747658.1366, 748184.0600, 747138.8151, 747539.9030, 747755.4839, 748436.4467, 747405.4115, 748188.3239, 745844.9103, 751497.4402, 742508.3327, 729263.4103, 726136.6354, 660270.4809, 581333.7956, 543110.5368, 532950.1475, 530458.9557, 529952.5418, 529937.9514, 529980.4578, 529998.0632, 530001.5377, 530000.6894, 530000.0385, 529999.9537, 529999.9830, 529999.9994, 530000.0017, 530000.0012, 530000.0002, 529999.9998, 529999.9998, 530000.0000, 530000.0000, 530000.0000, 530000.0000, 530000.0000, 530000.0000, 530000.0000, 530000.0000, 530000.0000, 530000.0000, 530000.0000, 530000.0000, 530000.0000, 530000.0000, 530000.0000, 530000.0000, 530000.0000, 
 757337.6399, 745741.5847, 746214.5687, 745807.4175, 746917.8094, 746739.1308, 747515.5807, 747153.0425, 747440.1981, 747404.3912, 747754.3827, 747640.1022, 748056.5798, 747891.6755, 748076.9792, 747995.7646, 748154.9236, 747983.5883, 748137.7223, 747964.1292, 748174.9726, 747943.9054, 748187.9893, 747991.9692, 748289.6813, 748076.5469, 748213.8515, 747821.2048, 748329.6621, 747709.9904, 748248.9485, 747316.9088, 747604.7042, 746576.2826, 748471.0020, 747202.8685, 747789.2180, 746283.1448, 748013.6508, 743423.4154, 743260.1790, 751264.9435, 706591.6841, 647225.2501, 572044.2822, 540618.6999, 532380.5010, 530335.7339, 529945.1329, 529952.5183, 529983.7806, 529998.8033, 530001.3912, 530000.9249, 530000.1719, 529999.9878, 529999.9776, 529999.9946, 530000.0007, 530000.0013, 530000.0004, 529999.9999, 529999.9999, 530000.0000, 530000.0000, 530000.0000, 530000.0000, 530000.0000, 530000.0000, 530000.0000, 530000.0000, 530000.0000, 530000.0000, 530000.0000, 530000.0000, 530000.0000, 530000.0000, 530000.0000, 530000.0000, 
 750011.2342, 745351.0559, 747889.1552, 746458.8682, 747082.7076, 746592.6001, 747285.8802, 747084.5918, 747425.5667, 747393.2411, 747720.4642, 747577.9064, 747981.7217, 747866.9161, 748073.2880, 748023.3535, 748169.2848, 748009.7177, 748134.2759, 747953.4242, 748024.3462, 747908.5340, 748177.1786, 747991.1442, 748304.1871, 748109.9055, 748345.1760, 748110.1633, 748343.1044, 748043.9668, 748266.0597, 747809.3526, 748226.3604, 747885.5361, 748227.2920, 747523.3371, 748241.3881, 747236.5238, 747968.0411, 745950.0622, 747579.4483, 746738.9232, 725397.0210, 719471.5032, 634773.4505, 565249.2793, 538705.2168, 531894.7858, 530231.5406, 529938.3313, 529961.0680, 529989.9561, 529999.7688, 530000.6546, 530000.3267, 530000.1213, 530000.0198, 529999.9954, 529999.9964, 529999.9997, 530000.0006, 530000.0001, 529999.9999, 529999.9999, 530000.0000, 530000.0000, 530000.0000, 530000.0000, 530000.0000, 530000.0000, 530000.0000, 530000.0000, 530000.0000, 530000.0000, 530000.0000, 530000.0000, 530000.0000, 530000.0000, 530000.0000, 
 747771.8818, 744437.8180, 747970.3696, 747347.1208, 747634.9543, 746692.5974, 747250.2415, 746978.2551, 747359.0182, 747355.4401, 747693.6562, 747571.7525, 747936.0514, 747832.8322, 748055.5424, 748021.7416, 748164.4018, 748016.2016, 748139.1362, 747956.6388, 748055.8301, 747923.7551, 748070.1623, 748009.3426, 748301.6877, 748102.2931, 748347.1899, 748129.8379, 748322.2297, 748105.6948, 748307.2407, 747829.2598, 748216.5006, 747888.2948, 748559.1847, 747492.5713, 748066.0284, 747177.2689, 748318.2592, 750081.1881, 747511.9920, 744366.2434, 735899.0868, 739419.7000, 697867.2592, 622934.1408, 558839.4099, 537115.5619, 531519.7325, 530146.9681, 529926.1086, 529963.8297, 529995.0646, 530001.2866, 530001.6005, 530000.3321, 530000.0285, 529999.9840, 529999.9925, 529999.9999, 530000.0013, 530000.0010, 530000.0002, 529999.9998, 529999.9999, 530000.0000, 530000.0000, 530000.0000, 530000.0000, 530000.0000, 530000.0000, 530000.0000, 530000.0000, 530000.0000, 530000.0000, 530000.0000, 530000.0000, 530000.0000, 530000.0000, 
 742800.0576, 742406.1500, 747149.6999, 747062.5304, 747807.0391, 747116.1535, 747392.0230, 747001.8659, 747302.0398, 747302.2718, 747640.2707, 747553.7127, 747905.5662, 747811.0424, 748018.9933, 747998.3410, 748149.1650, 748020.7527, 748140.2315, 747969.3761, 748090.5494, 747940.0239, 748086.8756, 748001.2347, 748249.1648, 748083.9271, 748322.9210, 748070.3253, 748310.2519, 748067.3315, 748360.1380, 747903.2711, 748244.5663, 747927.7716, 748589.2377, 747705.2065, 747947.0384, 747199.2018, 747912.2193, 749983.0072, 747079.7463, 744987.0843, 741709.8818, 743743.6173, 720945.3246, 695365.7792, 611009.7172, 553940.4280, 536010.0426, 531281.2830, 530134.0662, 529936.6387, 529953.4726, 529989.5074, 530000.5517, 530001.5210, 530000.7659, 530000.1204, 529999.9956, 529999.9866, 529999.9951, 529999.9999, 530000.0008, 530000.0004, 530000.0000, 529999.9999, 530000.0000, 530000.0000, 530000.0000, 530000.0000, 530000.0000, 530000.0000, 530000.0000, 530000.0000, 530000.0000, 530000.0000, 530000.0000, 530000.0000, 530000.0000, 
 744225.2236, 740757.3190, 744979.4910, 745675.7215, 747470.3018, 747059.7486, 747489.2268, 747116.6561, 747362.0755, 747343.2219, 747643.8479, 747550.7482, 747864.9315, 747787.7279, 747955.7016, 747943.2808, 748101.7721, 748014.8447, 748146.0743, 748014.6096, 748103.1435, 747990.3905, 748126.5876, 748019.3458, 748191.2172, 748078.0764, 748261.9530, 748061.8530, 748282.1647, 748097.0045, 748326.9331, 747958.3504, 748254.1131, 747939.3610, 748342.2760, 747794.1137, 747825.7285, 747382.8956, 747532.4697, 748145.6582, 748199.1963, 747706.2187, 747821.0903, 749469.9294, 735115.0349, 737713.2088, 694209.3899, 627004.2056, 568421.4483, 542022.5742, 533248.5632, 530738.5769, 530077.3679, 529980.0384, 529989.8985, 529997.5785, 530000.1599, 530000.4133, 530000.1474, 530000.0358, 530000.0028, 529999.9980, 529999.9994, 530000.0002, 530000.0002, 530000.0000, 530000.0000, 530000.0000, 530000.0000, 530000.0000, 530000.0000, 530000.0000, 530000.0000, 530000.0000, 530000.0000, 530000.0000, 530000.0000, 530000.0000, 530000.0000, 
