 805.7762, 805.7762, 805.7762, 805.7762, 805.7762, 805.7762, 805.7762, 805.7762, 805.7762, 805.7762, 805.7762, 805.7762, 805.7762, 805.7762, 805.7762, 805.7762, 805.7762, 805.7762, 805.7762, 805.7762, 805.7762, 805.7762, 805.7762, 805.7762, 805.7762, 805.7762, 805.7762, 805.7762, 805.7762, 805.7762, 805.7762, 805.7762, 805.7762, 805.7762, 805.7762, 805.7762, 805.7762, 805.7762, 805.7762, 805.7762, 805.7762, 805.7762, 805.7762, 805.7762, 805.7762, 805.7762, 805.7762, 805.7762, 805.7762, 805.7762, 805.7762, 805.7762, 805.7762, 805.7762, 805.7762, 805.7762, 805.7762, 805.7762, 805.7762, 805.7762, 805.7762, 805.7762, 805.7762, 805.7762, 805.7762, 805.7762, 805.7762, 805.7762, 805.7762, 805.7762, 805.7762, 805.7762, 805.7762, 805.7762, 805.7762, 805.7762, 805.7762, 805.7762, 805.7762, 
 805.7762, 805.7762, 805.7762, 805.7762, 805.7762, 805.7762, 805.7762, 805.7762, 805.7762, 805.7762, 805.7762, 805.7762, 805.7762, 805.7762, 805.7762, 805.7762, 805.7762, 805.7762, 805.7762, 805.7762, 805.7762, 805.7762, 805.7762, 805.7762, 805.7762, 805.7762, 805.7762, 805.7762, 805.7762, 805.7762, 805.7762, 805.7762, 805.7762, 805.7762, 805.7762, 805.7762, 805.7762, 805.7762, 805.7762, 805.7762, 805.7762, 805.7762, 805.7762, 805.7762, 805.7762, 805.7762, 805.7762, 805.7762, 805.7762, 805.7762, 805.7762, 805.7762, 805.7762, 805.7762, 805.7762, 805.7762, 805.7762, 805.7762, 805.7762, 805.7762, 805.7762, 805.7762, 805.7762, 805.7762, 805.7762, 805.7762, 805.7762, 805.7762, 805.7762, 805.7762, 805.7762, 805.7762, 805.7762, 805.7762, 805.7762, 805.7762, 805.7762, 805.7762, 805.7762, 
 805.7762, 805.7762, 805.7762, 805.7762, 805.7762, 805.7762, 805.7762, 805.7762, 805.7762, 805.7762, 805.7762, 805.7762, 805.7762, 805.7762, 805.7762, 805.7762, 805.7762, 805.7762, 805.7762, 805.7762, 805.7762, 805.7762, 805.7762, 805.7762, 805.7762, 805.7762, 805.7762, 805.7762, 805.7762, 805.7762, 805.7762, 805.7762, 805.7762, 805.7762, 805.7762, 805.7762, 805.7762, 805.7762, 805.7762, 805.7762, 805.7762, 805.7762, 805.7762, 805.7762, 805.7762, 805.7762, 805.7762, 805.7762, 805.7762, 805.7762, 805.7762, 805.7762, 805.7762, 805.7762, 805.7762, 805.7762, 805.7762, 805.7762, 805.7762, 805.7762, 805.7762, 805.7762, 805.7762, 805.7762, 805.7762, 805.7762, 805.7762, 805.7762, 805.7762, 805.7762, 805.7762, 805.7762, 805.7762, 805.7762, 805.7762, 805.7762, 805.7762, 805.7762, 805.7762, 
 805.7762, 805.7762, 805.7762, 805.7762, 805.7762, 805.7762, 805.7762, 805.7762, 805.7762, 805.7762, 805.7762, 805.7762, 805.7762, 805.7762, 805.7762, 805.7762, 805.7762, 805.7762, 805.7762, 805.7762, 805.7762, 805.7762, 805.7762, 805.7762, 805.7762, 805.7762, 805.7762, 805.7762, 805.7762, 805.7762, 805.7762, 805.7762, 805.7762, 805.7762, 805.7762, 805.7762, 805.7762, 805.7762, 805.7762, 805.7762, 805.7762, 805.7762, 805.7762, 805.7762, 805.7762, 805.7762, 805.7762, 805.7762, 805.7762, 805.7762, 805.7762, 805.7762, 805.7762, 805.7762, 805.7762, 805.7762, 805.7762, 805.7762, 805.7762, 805.7762, 805.7762, 805.7762, 805.7762, 805.7762, 805.7762, 805.7762, 805.7762, 805.7762, 805.7762, 805.7762, 805.7762, 805.7762, 805.7762, 805.7762, 805.7762, 805.7762, 805.7762, 805.7762, 805.7762, 
 805.7762, 805.7762, 805.7762, 805.7762, 805.7762, 805.7762, 805.7762, 805.7762, 805.7762, 805.7762, 805.7762, 805.7762, 805.7762, 805.7762, 805.7762, 805.7762, 805.7762, 805.7762, 805.7762, 805.7762, 805.7762, 805.7762, 805.7762, 805.7762, 805.7762, 805.7762, 805.7762, 805.7762, 805.7762, 805.7762, 805.7762, 805.7762, 805.7762, 805.7762, 805.7762, 805.7762, 805.7762, 805.7762, 805.7762, 805.7762, 805.7762, 805.7762, 805.7762, 805.7762, 805.7762, 805.7762, 805.7762, 805.7762, 805.7762, 805.7762, 805.7762, 805.7762, 805.7762, 805.7762, 805.7762, 805.7762, 805.7762, 805.7762, 805.7762, 805.7762, 805.7762, 805.7762, 805.7762, 805.7762, 805.7762, 805.7762, 805.7762, 805.7762, 805.7762, 805.7762, 805.7762, 805.7762, 805.7762, 805.7762, 805.7762, 805.7762, 805.7762, 805.7762, 805.7762, 
 805.7762, 805.7762, 805.7762, 805.7762, 805.7762, 805.7762, 805.7762, 805.7762, 805.7762, 805.7762, 805.7762, 805.7762, 805.7762, 805.7762, 805.7762, 805.7762, 805.7762, 805.7762, 805.7762, 805.7762, 805.7762, 805.7762, 805.7762, 805.7762, 805.7762, 805.7762, 805.7762, 805.7762, 805.7762, 805.7762, 805.7762, 805.7762, 805.7762, 805.7762, 805.7762, 805.7762, 805.7762, 805.7762, 805.7762, 805.7762, 805.7762, 805.7762, 805.7762, 805.7762, 805.7762, 805.7762, 805.7762, 805.7762, 805.7762, 805.7762, 805.7762, 805.7762, 805.7762, 805.7762, 805.7762, 805.7762, 805.7762, 805.7762, 805.7762, 805.7762, 805.7762, 805.7762, 805.7762, 805.7762, 805.7762, 805.7762, 805.7762, 805.7762, 805.7762, 805.7762, 805.7762, 805.7762, 805.7762, 805.7762, 805.7762, 805.7762, 805.7762, 805.7762, 805.7762, 
 805.7762, 805.7762, 805.7762, 805.7762, 805.7762, 805.7762, 805.7762, 805.7762, 805.7762, 805.7762, 805.7762, 805.7762, 805.7762, 805.7762, 805.7762, 805.7762, 805.7762, 805.7762, 805.7762, 805.7762, 805.7762, 805.7762, 805.7762, 805.7762, 805.7762, 805.7762, 805.7762, 805.7762, 805.7762, 805.7762, 805.7762, 805.7762, 805.7762, 805.7762, 805.7762, 805.7762, 805.7762, 805.7762, 805.7762, 805.7762, 805.7762, 805.7762, 805.7762, 805.7762, 805.7762, 805.7762, 805.7762, 805.7762, 805.7762, 805.7762, 805.7762, 805.7762, 805.7762, 805.7762, 805.7762, 805.7762, 805.7762, 805.7762, 805.7762, 805.7762, 805.7762, 805.7762, 805.7762, 805.7762, 805.7762, 805.7762, 805.7762, 805.7762, 805.7762, 805.7762, 805.7762, 805.7762, 805.7762, 805.7762, 805.7762, 805.7762, 805.7762, 805.7762, 805.7762, 
 805.7762, 805.7763, 805.7763, 805.7762, 805.7762, 805.7762, 805.7762, 805.7762, 805.7762, 805.7762, 805.7762, 805.7762, 805.7762, 805.7762, 805.7762, 805.7762, 805.7762, 805.7762, 805.7762, 805.7762, 805.7762, 805.7762, 805.7762, 805.7762, 805.7762, 805.7762, 805.7762, 805.7762, 805.7762, 805.7762, 805.7762, 805.7762, 805.7762, 805.7762, 805.7762, 805.7762, 805.7762, 805.7762, 805.7762, 805.7762, 805.7762, 805.7762, 805.7762, 805.7762, 805.7762, 805.7762, 805.7762, 805.7762, 805.7762, 805.7762, 805.7762, 805.7762, 805.7762, 805.7762, 805.7762, 805.7762, 805.7762, 805.7762, 805.7762, 805.7762, 805.7762, 805.7762, 805.7762, 805.7762, 805.7762, 805.7762, 805.7762, 805.7762, 805.7762, 805.7762, 805.7762, 805.7762, 805.7762, 805.7762, 805.7762, 805.7762, 805.7762, 805.7762, 805.7762, 
 805.7763, 805.7762, 805.7762, 805.7763, 805.7763, 805.7762, 805.7762, 805.7762, 805.7762, 805.7762, 805.7762, 805.7762, 805.7762, 805.7762, 805.7762, 805.7762, 805.7762, 805.7762, 805.7762, 805.7762, 805.7762, 805.7762, 805.7762, 805.7762, 805.7762, 805.7762, 805.7762, 805.7762, 805.7762, 805.7762, 805.7762, 805.7762, 805.7762, 805.7762, 805.7762, 805.7762, 805.7762, 805.7762, 805.7762, 805.7762, 805.7762, 805.7762, 805.7762, 805.7762, 805.7762, 805.7762, 805.7762, 805.7762, 805.7762, 805.7762, 805.7762, 805.7762, 805.7762, 805.7762, 805.7762, 805.7762, 805.7762, 805.7762, 805.7762, 805.7762, 805.7762, 805.7762, 805.7762, 805.7762, 805.7762, 805.7762, 805.7762, 805.7762, 805.7762, 805.7762, 805.7762, 805.7762, 805.7762, 805.7762, 805.7762, 805.7762, 805.7762, 805.7762, 805.7762, 
 805.7762, 805.7763, 805.7763, 805.7762, 805.7762, 805.7763, 805.7763, 805.7762, 805.7762, 805.7762, 805.7762, 805.7762, 805.7762, 805.7762, 805.7762, 805.7762, 805.7762, 805.7762, 805.7762, 805.7762, 805.7762, 805.7762, 805.7762, 805.7762, 805.7762, 805.7762, 805.7762, 805.7762, 805.7762, 805.7762, 805.7762, 805.7762, 805.7762, 805.7762, 805.7762, 805.7762, 805.7762, 805.7762, 805.7762, 805.7762, 805.7762, 805.7762, 805.7762, 805.7762, 805.7762, 805.7762, 805.7762, 805.7762, 805.7762, 805.7762, 805.7762, 805.7762, 805.7762, 805.7762, 805.7762, 805.7762, 805.7762, 805.7762, 805.7762, 805.7762, 805.7762, 805.7762, 805.7762, 805.7762, 805.7762, 805.7762, 805.7762, 805.7762, 805.7762, 805.7762, 805.7762, 805.7762, 805.7762, 805.7762, 805.7762, 805.7762, 805.7762, 805.7762, 805.7762, 
 805.7764, 805.7761, 805.7761, 805.7764, 805.7763, 805.7762, 805.7762, 805.7762, 805.7762, 805.7762, 805.7762, 805.7762, 805.7762, 805.7762, 805.7762, 805.7762, 805.7762, 805.7762, 805.7762, 805.7762, 805.7762, 805.7762, 805.7762, 805.7762, 805.7762, 805.7762, 805.7762, 805.7762, 805.7762, 805.7762, 805.7762, 805.7762, 805.7762, 805.7762, 805.7762, 805.7762, 805.7762, 805.7762, 805.7762, 805.7762, 805.7762, 805.7762, 805.7762, 805.7762, 805.7762, 805.7762, 805.7762, 805.7762, 805.7762, 805.7762, 805.7762, 805.7762, 805.7762, 805.7762, 805.7762, 805.7762, 805.7762, 805.7762, 805.7762, 805.7762, 805.7762, 805.7762, 805.7762, 805.7762, 805.7762, 805.7762, 805.7762, 805.7762, 805.7762, 805.7762, 805.7762, 805.7762, 805.7762, 805.7762, 805.7762, 805.7762, 805.7762, 805.7762, 805.7762, 
 805.7758, 805.7768, 805.7766, 805.7759, 805.7760, 805.7763, 805.7763, 805.7762, 805.7762, 805.7762, 805.7762, 805.7762, 805.7762, 805.7762, 805.7762, 805.7762, 805.7762, 805.7762, 805.7762, 805.7762, 805.7762, 805.7762, 805.7762, 805.7762, 805.7762, 805.7762, 805.7762, 805.7762, 805.7762, 805.7762, 805.7762, 805.7762, 805.7762, 805.7762, 805.7762, 805.7762, 805.7762, 805.7762, 805.7762, 805.7762, 805.7762, 805.7762, 805.7762, 805.7762, 805.7762, 805.7762, 805.7762, 805.7762, 805.7762, 805.7762, 805.7762, 805.7762, 805.7762, 805.7762, 805.7762, 805.7762, 805.7762, 805.7762, 805.7762, 805.7762, 805.7762, 805.7762, 805.7762, 805.7762, 805.7762, 805.7762, 805.7762, 805.7762, 805.7762, 805.7762, 805.7762, 805.7762, 805.7762, 805.7762, 805.7762, 805.7762, 805.7762, 805.7762, 805.7762, 
 805.7773, 805.7749, 805.7754, 805.7772, 805.7767, 805.7761, 805.7762, 805.7763, 805.7763, 805.7762, 805.7762, 805.7762, 805.7762, 805.7762, 805.7762, 805.7762, 805.7762, 805.7762, 805.7762, 805.7762, 805.7762, 805.7762, 805.7762, 805.7762, 805.7762, 805.7762, 805.7762, 805.7762, 805.7762, 805.7762, 805.7762, 805.7762, 805.7762, 805.7762, 805.7762, 805.7762, 805.7762, 805.7762, 805.7762, 805.7762, 805.7762, 805.7762, 805.7762, 805.7762, 805.7762, 805.7762, 805.7762, 805.7762, 805.7762, 805.7762, 805.7762, 805.7762, 805.7762, 805.7762, 805.7762, 805.7762, 805.7762, 805.7762, 805.7762, 805.7762, 805.7762, 805.7762, 805.7762, 805.7762, 805.7762, 805.7762, 805.7762, 805.7762, 805.7762, 805.7762, 805.7762, 805.7762, 805.7762, 805.7762, 805.7762, 805.7762, 805.7762, 805.7762, 805.7762, 
 805.7736, 805.7794, 805.7782, 805.7741, 805.7753, 805.7767, 805.7764, 805.7762, 805.7762, 805.7762, 805.7762, 805.7762, 805.7762, 805.7762, 805.7762, 805.7762, 805.7762, 805.7762, 805.7762, 805.7762, 805.7762, 805.7762, 805.7762, 805.7762, 805.7762, 805.7762, 805.7762, 805.7762, 805.7762, 805.7762, 805.7762, 805.7762, 805.7762, 805.7762, 805.7762, 805.7762, 805.7762, 805.7762, 805.7762, 805.7762, 805.7762, 805.7762, 805.7762, 805.7762, 805.7762, 805.7762, 805.7762, 805.7762, 805.7762, 805.7762, 805.7762, 805.7762, 805.7762, 805.7762, 805.7762, 805.7762, 805.7762, 805.7762, 805.7762, 805.7762, 805.7762, 805.7762, 805.7762, 805.7762, 805.7762, 805.7762, 805.7762, 805.7762, 805.7762, 805.7762, 805.7762, 805.7762, 805.7762, 805.7762, 805.7762, 805.7762, 805.7762, 805.7762, 805.7762, 
 805.7829, 805.7678, 805.7724, 805.7813, 805.7775, 805.7751, 805.7760, 805.7763, 805.7763, 805.7762, 805.7762, 805.7762, 805.7762, 805.7762, 805.7762, 805.7762, 805.7762, 805.7762, 805.7762, 805.7762, 805.7762, 805.7762, 805.7762, 805.7762, 805.7762, 805.7762, 805.7762, 805.7762, 805.7762, 805.7762, 805.7762, 805.7762, 805.7762, 805.7762, 805.7762, 805.7762, 805.7762, 805.7762, 805.7762, 805.7762, 805.7762, 805.7762, 805.7762, 805.7762, 805.7762, 805.7762, 805.7762, 805.7762, 805.7762, 805.7762, 805.7762, 805.7762, 805.7762, 805.7762, 805.7762, 805.7762, 805.7762, 805.7762, 805.7762, 805.7762, 805.7762, 805.7762, 805.7762, 805.7762, 805.7762, 805.7762, 805.7762, 805.7762, 805.7762, 805.7762, 805.7762, 805.7762, 805.7762, 805.7762, 805.7762, 805.7762, 805.7762, 805.7762, 805.7762, 
 805.7469, 805.8177, 805.7815, 805.7540, 805.7762, 805.7790, 805.7763, 805.7760, 805.7762, 805.7763, 805.7763, 805.7762, 805.7762, 805.7762, 805.7762, 805.7762, 805.7762, 805.7762, 805.7762, 805.7762, 805.7762, 805.7762, 805.7762, 805.7762, 805.7762, 805.7762, 805.7762, 805.7762, 805.7762, 805.7762, 805.7762, 805.7762, 805.7762, 805.7762, 805.7762, 805.7762, 805.7762, 805.7762, 805.7762, 805.7762, 805.7762, 805.7762, 805.7762, 805.7762, 805.7762, 805.7762, 805.7762, 805.7762, 805.7762, 805.7762, 805.7762, 805.7762, 805.7762, 805.7762, 805.7762, 805.7762, 805.7762, 805.7762, 805.7762, 805.7762, 805.7762, 805.7762, 805.7762, 805.7762, 805.7762, 805.7762, 805.7762, 805.7762, 805.7762, 805.7762, 805.7762, 805.7762, 805.7762, 805.7762, 805.7762, 805.7762, 805.7762, 805.7762, 805.7762, 
 887.2988, 814.9932, 807.1743, 805.8600, 805.7346, 805.7715, 805.7781, 805.7766, 805.7762, 805.7762, 805.7762, 805.7763, 805.7762, 805.7762, 805.7762, 805.7762, 805.7762, 805.7762, 805.7762, 805.7762, 805.7762, 805.7762, 805.7762, 805.7762, 805.7762, 805.7762, 805.7762, 805.7762, 805.7762, 805.7762, 805.7762, 805.7762, 805.7762, 805.7762, 805.7762, 805.7762, 805.7762, 805.7762, 805.7762, 805.7762, 805.7762, 805.7762, 805.7762, 805.7762, 805.7762, 805.7762, 805.7762, 805.7762, 805.7762, 805.7762, 805.7762, 805.7762, 805.7762, 805.7762, 805.7762, 805.7762, 805.7762, 805.7762, 805.7762, 805.7762, 805.7762, 805.7762, 805.7762, 805.7762, 805.7762, 805.7762, 805.7762, 805.7762, 805.7762, 805.7762, 805.7762, 805.7762, 805.7762, 805.7762, 805.7762, 805.7762, 805.7762, 805.7762, 805.7762, 
 974.5864, 841.6863, 813.8063, 806.9043, 805.8081, 805.7236, 805.7695, 805.7772, 805.7766, 805.7763, 805.7763, 805.7762, 805.7762, 805.7762, 805.7762, 805.7762, 805.7762, 805.7762, 805.7762, 805.7762, 805.7762, 805.7762, 805.7762, 805.7762, 805.7762, 805.7762, 805.7762, 805.7762, 805.7762, 805.7762, 805.7762, 805.7762, 805.7762, 805.7762, 805.7762, 805.7762, 805.7762, 805.7762, 805.7762, 805.7762, 805.7762, 805.7762, 805.7762, 805.7762, 805.7762, 805.7762, 805.7762, 805.7762, 805.7762, 805.7762, 805.7762, 805.7762, 805.7762, 805.7762, 805.7762, 805.7762, 805.7762, 805.7762, 805.7762, 805.7762, 805.7762, 805.7762, 805.7762, 805.7762, 805.7762, 805.7762, 805.7762, 805.7762, 805.7762, 805.7762, 805.7762, 805.7762, 805.7762, 805.7762, 805.7762, 805.7762, 805.7762, 805.7762, 805.7762, 
 1078.7625, 887.3163, 833.2405, 810.3907, 806.3928, 805.7291, 805.7451, 805.7711, 805.7773, 805.7765, 805.7762, 805.7763, 805.7762, 805.7762, 805.7762, 805.7762, 805.7762, 805.7762, 805.7762, 805.7762, 805.7762, 805.7762, 805.7762, 805.7762, 805.7762, 805.7762, 805.7762, 805.7762, 805.7762, 805.7762, 805.7762, 805.7762, 805.7762, 805.7762, 805.7762, 805.7762, 805.7762, 805.7762, 805.7762, 805.7762, 805.7762, 805.7762, 805.7762, 805.7762, 805.7762, 805.7762, 805.7762, 805.7762, 805.7762, 805.7762, 805.7762, 805.7762, 805.7762, 805.7762, 805.7762, 805.7762, 805.7762, 805.7762, 805.7762, 805.7762, 805.7762, 805.7762, 805.7762, 805.7762, 805.7762, 805.7762, 805.7762, 805.7762, 805.7762, 805.7762, 805.7762, 805.7762, 805.7762, 805.7762, 805.7762, 805.7762, 805.7762, 805.7762, 805.7762, 
 1101.5723, 943.0930, 879.1068, 820.7904, 808.4623, 806.0471, 805.7061, 805.7486, 805.7742, 805.7778, 805.7765, 805.7761, 805.7762, 805.7763, 805.7762, 805.7762, 805.7762, 805.7762, 805.7762, 805.7762, 805.7762, 805.7762, 805.7762, 805.7762, 805.7762, 805.7762, 805.7762, 805.7762, 805.7762, 805.7762, 805.7762, 805.7762, 805.7762, 805.7762, 805.7762, 805.7762, 805.7762, 805.7762, 805.7762, 805.7762, 805.7762, 805.7762, 805.7762, 805.7762, 805.7762, 805.7762, 805.7762, 805.7762, 805.7762, 805.7762, 805.7762, 805.7762, 805.7762, 805.7762, 805.7762, 805.7762, 805.7762, 805.7762, 805.7762, 805.7762, 805.7762, 805.7762, 805.7762, 805.7762, 805.7762, 805.7762, 805.7762, 805.7762, 805.7762, 805.7762, 805.7762, 805.7762, 805.7762, 805.7762, 805.7762, 805.7762, 805.7762, 805.7762, 805.7762, 
 1091.9105, 981.2193, 950.3220, 849.3209, 814.5943, 807.2382, 805.8260, 805.6811, 805.7562, 805.7764, 805.7777, 805.7767, 805.7762, 805.7762, 805.7762, 805.7762, 805.7762, 805.7762, 805.7762, 805.7762, 805.7762, 805.7762, 805.7762, 805.7762, 805.7762, 805.7762, 805.7762, 805.7762, 805.7762, 805.7762, 805.7762, 805.7762, 805.7762, 805.7762, 805.7762, 805.7762, 805.7762, 805.7762, 805.7762, 805.7762, 805.7762, 805.7762, 805.7762, 805.7762, 805.7762, 805.7762, 805.7762, 805.7762, 805.7762, 805.7762, 805.7762, 805.7762, 805.7762, 805.7762, 805.7762, 805.7762, 805.7762, 805.7762, 805.7762, 805.7762, 805.7762, 805.7762, 805.7762, 805.7762, 805.7762, 805.7762, 805.7762, 805.7762, 805.7762, 805.7762, 805.7762, 805.7762, 805.7762, 805.7762, 805.7762, 805.7762, 805.7762, 805.7762, 805.7762, 
 1064.4920, 997.9601, 1016.8472, 914.1975, 833.1220, 811.1011, 806.5268, 805.7114, 805.7236, 805.7633, 805.7774, 805.7772, 805.7764, 805.7763, 805.7762, 805.7762, 805.7762, 805.7762, 805.7762, 805.7762, 805.7762, 805.7762, 805.7762, 805.7762, 805.7762, 805.7762, 805.7762, 805.7762, 805.7762, 805.7762, 805.7762, 805.7762, 805.7762, 805.7762, 805.7762, 805.7762, 805.7762, 805.7762, 805.7762, 805.7762, 805.7762, 805.7762, 805.7762, 805.7762, 805.7762, 805.7762, 805.7762, 805.7762, 805.7762, 805.7762, 805.7762, 805.7762, 805.7762, 805.7762, 805.7762, 805.7762, 805.7762, 805.7762, 805.7762, 805.7762, 805.7762, 805.7762, 805.7762, 805.7762, 805.7762, 805.7762, 805.7762, 805.7762, 805.7762, 805.7762, 805.7762, 805.7762, 805.7762, 805.7762, 805.7762, 805.7762, 805.7762, 805.7762, 805.7762, 
 1031.5451, 1009.0021, 1053.8642, 982.6978, 882.5104, 822.1586, 808.8489, 806.0866, 805.6838, 805.7333, 805.7712, 805.7787, 805.7770, 805.7762, 805.7762, 805.7762, 805.7762, 805.7762, 805.7762, 805.7762, 805.7762, 805.7762, 805.7762, 805.7762, 805.7762, 805.7762, 805.7762, 805.7762, 805.7762, 805.7762, 805.7762, 805.7762, 805.7762, 805.7762, 805.7762, 805.7762, 805.7762, 805.7762, 805.7762, 805.7762, 805.7762, 805.7762, 805.7762, 805.7762, 805.7762, 805.7762, 805.7762, 805.7762, 805.7762, 805.7762, 805.7762, 805.7762, 805.7762, 805.7762, 805.7762, 805.7762, 805.7762, 805.7762, 805.7762, 805.7762, 805.7762, 805.7762, 805.7762, 805.7762, 805.7762, 805.7762, 805.7762, 805.7762, 805.7762, 805.7762, 805.7762, 805.7762, 805.7762, 805.7762, 805.7762, 805.7762, 805.7762, 805.7762, 805.7762, 
 1038.3972, 1026.4651, 1049.2604, 1003.6246, 961.5466, 856.7356, 815.9569, 807.4937, 805.8487, 805.6596, 805.7472, 805.7753, 805.7787, 805.7770, 805.7762, 805.7762, 805.7762, 805.7763, 805.7762, 805.7762, 805.7762, 805.7762, 805.7762, 805.7762, 805.7762, 805.7762, 805.7762, 805.7762, 805.7762, 805.7762, 805.7762, 805.7762, 805.7762, 805.7762, 805.7762, 805.7762, 805.7762, 805.7762, 805.7762, 805.7762, 805.7762, 805.7762, 805.7762, 805.7762, 805.7762, 805.7762, 805.7762, 805.7762, 805.7762, 805.7762, 805.7762, 805.7762, 805.7762, 805.7762, 805.7762, 805.7762, 805.7762, 805.7762, 805.7762, 805.7762, 805.7762, 805.7762, 805.7762, 805.7762, 805.7762, 805.7762, 805.7762, 805.7762, 805.7762, 805.7762, 805.7762, 805.7762, 805.7762, 805.7762, 805.7762, 805.7762, 805.7762, 805.7762, 805.7762, 
 1034.2368, 1025.3776, 1039.6605, 1009.5698, 1012.8886, 923.5962, 837.4154, 811.9226, 806.6921, 805.7141, 805.6997, 805.7571, 805.7774, 805.7779, 805.7768, 805.7762, 805.7762, 805.7762, 805.7762, 805.7762, 805.7762, 805.7762, 805.7762, 805.7762, 805.7762, 805.7762, 805.7762, 805.7762, 805.7762, 805.7762, 805.7762, 805.7762, 805.7762, 805.7762, 805.7762, 805.7762, 805.7762, 805.7762, 805.7762, 805.7762, 805.7762, 805.7762, 805.7762, 805.7762, 805.7762, 805.7762, 805.7762, 805.7762, 805.7762, 805.7762, 805.7762, 805.7762, 805.7762, 805.7762, 805.7762, 805.7762, 805.7762, 805.7762, 805.7762, 805.7762, 805.7762, 805.7762, 805.7762, 805.7762, 805.7762, 805.7762, 805.7762, 805.7762, 805.7762, 805.7762, 805.7762, 805.7762, 805.7762, 805.7762, 805.7762, 805.7762, 805.7762, 805.7762, 805.7762, 
 1027.5272, 1021.7758, 1028.1890, 1018.5272, 1046.6089, 987.4082, 893.2961, 825.6398, 809.5256, 806.2088, 805.6766, 805.7212, 805.7674, 805.7788, 805.7775, 805.7764, 805.7762, 805.7762, 805.7762, 805.7762, 805.7762, 805.7762, 805.7762, 805.7762, 805.7762, 805.7762, 805.7762, 805.7762, 805.7762, 805.7762, 805.7762, 805.7762, 805.7762, 805.7762, 805.7762, 805.7762, 805.7762, 805.7762, 805.7762, 805.7762, 805.7762, 805.7762, 805.7762, 805.7762, 805.7762, 805.7762, 805.7762, 805.7762, 805.7762, 805.7762, 805.7762, 805.7762, 805.7762, 805.7762, 805.7762, 805.7762, 805.7762, 805.7762, 805.7762, 805.7762, 805.7762, 805.7762, 805.7762, 805.7762, 805.7762, 805.7762, 805.7762, 805.7762, 805.7762, 805.7762, 805.7762, 805.7762, 805.7762, 805.7762, 805.7762, 805.7762, 805.7762, 805.7762, 805.7762, 
 1025.3373, 1016.9993, 1028.0687, 1031.8016, 1042.9085, 1004.8453, 970.9188, 864.4438, 817.9574, 807.9499, 805.9197, 805.6594, 805.7391, 805.7743, 805.7796, 805.7773, 805.7762, 805.7762, 805.7762, 805.7762, 805.7763, 805.7762, 805.7762, 805.7762, 805.7762, 805.7762, 805.7762, 805.7762, 805.7762, 805.7762, 805.7762, 805.7762, 805.7762, 805.7762, 805.7762, 805.7762, 805.7762, 805.7762, 805.7762, 805.7762, 805.7762, 805.7762, 805.7762, 805.7762, 805.7762, 805.7762, 805.7762, 805.7762, 805.7762, 805.7762, 805.7762, 805.7762, 805.7762, 805.7762, 805.7762, 805.7762, 805.7762, 805.7762, 805.7762, 805.7762, 805.7762, 805.7762, 805.7762, 805.7762, 805.7762, 805.7762, 805.7762, 805.7762, 805.7762, 805.7762, 805.7762, 805.7762, 805.7762, 805.7762, 805.7762, 805.7762, 805.7762, 805.7762, 805.7762, 
 1022.8382, 1013.2467, 1027.6610, 1030.0761, 1033.7785, 1009.7599, 1014.5203, 935.1036, 844.0422, 813.4954, 807.0064, 805.7575, 805.6630, 805.7508, 805.7769, 805.7788, 805.7771, 805.7762, 805.7762, 805.7762, 805.7763, 805.7763, 805.7762, 805.7762, 805.7762, 805.7762, 805.7762, 805.7762, 805.7762, 805.7762, 805.7762, 805.7762, 805.7762, 805.7762, 805.7762, 805.7762, 805.7762, 805.7762, 805.7762, 805.7762, 805.7762, 805.7762, 805.7762, 805.7762, 805.7762, 805.7762, 805.7762, 805.7762, 805.7762, 805.7762, 805.7762, 805.7762, 805.7762, 805.7762, 805.7762, 805.7762, 805.7762, 805.7762, 805.7762, 805.7762, 805.7762, 805.7762, 805.7762, 805.7762, 805.7762, 805.7762, 805.7762, 805.7762, 805.7762, 805.7762, 805.7762, 805.7762, 805.7762, 805.7762, 805.7762, 805.7762, 805.7762, 805.7762, 805.7762, 
 1034.7606, 1016.3522, 1027.9437, 1026.4846, 1025.2907, 1017.8776, 1042.9194, 993.7026, 902.6273, 829.5072, 810.3790, 806.3979, 805.6779, 805.7123, 805.7616, 805.7786, 805.7780, 805.7767, 805.7762, 805.7762, 805.7762, 805.7762, 805.7763, 805.7762, 805.7762, 805.7762, 805.7762, 805.7762, 805.7762, 805.7762, 805.7762, 805.7762, 805.7762, 805.7762, 805.7762, 805.7762, 805.7762, 805.7762, 805.7762, 805.7762, 805.7762, 805.7762, 805.7762, 805.7762, 805.7762, 805.7762, 805.7762, 805.7762, 805.7762, 805.7762, 805.7762, 805.7762, 805.7762, 805.7762, 805.7762, 805.7762, 805.7762, 805.7762, 805.7762, 805.7762, 805.7762, 805.7762, 805.7762, 805.7762, 805.7762, 805.7762, 805.7762, 805.7762, 805.7762, 805.7762, 805.7762, 805.7762, 805.7762, 805.7762, 805.7762, 805.7762, 805.7762, 805.7762, 805.7762, 
 1029.2387, 1016.4063, 1027.0845, 1022.1861, 1026.1910, 1030.1889, 1038.4600, 1003.6476, 980.1170, 875.4011, 820.8957, 808.5888, 806.0376, 805.6678, 805.7273, 805.7710, 805.7797, 805.7776, 805.7763, 805.7762, 805.7762, 805.7762, 805.7762, 805.7762, 805.7762, 805.7762, 805.7762, 805.7762, 805.7762, 805.7762, 805.7762, 805.7762, 805.7762, 805.7762, 805.7762, 805.7762, 805.7762, 805.7762, 805.7762, 805.7762, 805.7762, 805.7762, 805.7762, 805.7762, 805.7762, 805.7762, 805.7762, 805.7762, 805.7762, 805.7762, 805.7762, 805.7762, 805.7762, 805.7762, 805.7762, 805.7762, 805.7762, 805.7762, 805.7762, 805.7762, 805.7762, 805.7762, 805.7762, 805.7762, 805.7762, 805.7762, 805.7762, 805.7762, 805.7762, 805.7762, 805.7762, 805.7762, 805.7762, 805.7762, 805.7762, 805.7762, 805.7762, 805.7762, 805.7762, 
 1027.9836, 1015.8202, 1026.0347, 1022.6941, 1028.4439, 1028.8957, 1029.7996, 1009.5977, 1015.8407, 946.0189, 851.2064, 815.0974, 807.3704, 805.8223, 805.6492, 805.7440, 805.7758, 805.7797, 805.7774, 805.7762, 805.7761, 805.7762, 805.7763, 805.7763, 805.7762, 805.7762, 805.7762, 805.7762, 805.7762, 805.7762, 805.7762, 805.7762, 805.7762, 805.7762, 805.7762, 805.7762, 805.7762, 805.7762, 805.7762, 805.7762, 805.7762, 805.7762, 805.7762, 805.7762, 805.7762, 805.7762, 805.7762, 805.7762, 805.7762, 805.7762, 805.7762, 805.7762, 805.7762, 805.7762, 805.7762, 805.7762, 805.7762, 805.7762, 805.7762, 805.7762, 805.7762, 805.7762, 805.7762, 805.7762, 805.7762, 805.7762, 805.7762, 805.7762, 805.7762, 805.7762, 805.7762, 805.7762, 805.7762, 805.7762, 805.7762, 805.7762, 805.7762, 805.7762, 805.7762, 
 1024.5097, 1014.2653, 1025.0003, 1023.7780, 1028.2727, 1025.4957, 1024.5286, 1019.0337, 1039.5809, 995.8152, 915.7884, 835.6752, 811.8049, 806.6944, 805.7096, 805.6973, 805.7552, 805.7777, 805.7785, 805.7770, 805.7762, 805.7762, 805.7762, 805.7763, 805.7763, 805.7762, 805.7762, 805.7762, 805.7762, 805.7762, 805.7762, 805.7762, 805.7762, 805.7762, 805.7762, 805.7762, 805.7762, 805.7762, 805.7762, 805.7762, 805.7762, 805.7762, 805.7762, 805.7762, 805.7762, 805.7762, 805.7762, 805.7762, 805.7762, 805.7762, 805.7762, 805.7762, 805.7762, 805.7762, 805.7762, 805.7762, 805.7762, 805.7762, 805.7762, 805.7762, 805.7762, 805.7762, 805.7762, 805.7762, 805.7762, 805.7762, 805.7762, 805.7762, 805.7762, 805.7762, 805.7762, 805.7762, 805.7762, 805.7762, 805.7762, 805.7762, 805.7762, 805.7762, 805.7762, 
 1025.0310, 1012.8675, 1024.4092, 1023.3495, 1026.9090, 1021.9359, 1026.2742, 1030.9251, 1034.8333, 1003.6536, 988.5659, 885.3573, 824.2105, 809.3375, 806.1798, 805.6702, 805.7165, 805.7665, 805.7794, 805.7779, 805.7765, 805.7762, 805.7762, 805.7762, 805.7762, 805.7763, 805.7762, 805.7762, 805.7762, 805.7762, 805.7762, 805.7762, 805.7762, 805.7762, 805.7762, 805.7762, 805.7762, 805.7762, 805.7762, 805.7762, 805.7762, 805.7762, 805.7762, 805.7762, 805.7762, 805.7762, 805.7762, 805.7762, 805.7762, 805.7762, 805.7762, 805.7762, 805.7762, 805.7762, 805.7762, 805.7762, 805.7762, 805.7762, 805.7762, 805.7762, 805.7762, 805.7762, 805.7762, 805.7762, 805.7762, 805.7762, 805.7762, 805.7762, 805.7762, 805.7762, 805.7762, 805.7762, 805.7762, 805.7762, 805.7762, 805.7762, 805.7762, 805.7762, 805.7762, 
 1035.2667, 1014.8517, 1025.0418, 1022.6536, 1024.6661, 1022.1359, 1028.2718, 1028.7310, 1026.0243, 1011.1108, 1019.3751, 956.0604, 861.6308, 817.7652, 807.9651, 805.9258, 805.6564, 805.7352, 805.7737, 805.7803, 805.7776, 805.7762, 805.7762, 805.7762, 805.7762, 805.7763, 805.7762, 805.7762, 805.7762, 805.7762, 805.7762, 805.7762, 805.7762, 805.7762, 805.7762, 805.7762, 805.7762, 805.7762, 805.7762, 805.7762, 805.7762, 805.7762, 805.7762, 805.7762, 805.7762, 805.7762, 805.7762, 805.7762, 805.7762, 805.7762, 805.7762, 805.7762, 805.7762, 805.7762, 805.7762, 805.7762, 805.7762, 805.7762, 805.7762, 805.7762, 805.7762, 805.7762, 805.7762, 805.7762, 805.7762, 805.7762, 805.7762, 805.7762, 805.7762, 805.7762, 805.7762, 805.7762, 805.7762, 805.7762, 805.7762, 805.7762, 805.7762, 805.7762, 805.7762, 
 1032.1530, 1016.6604, 1026.4033, 1022.9292, 1025.0432, 1022.7203, 1027.6831, 1025.0391, 1024.1729, 1020.9722, 1039.0451, 998.5084, 927.7999, 842.1410, 813.3069, 807.0398, 805.7617, 805.6555, 805.7476, 805.7766, 805.7796, 805.7774, 805.7762, 805.7761, 805.7762, 805.7763, 805.7763, 805.7762, 805.7762, 805.7762, 805.7762, 805.7762, 805.7762, 805.7762, 805.7762, 805.7762, 805.7762, 805.7762, 805.7762, 805.7762, 805.7762, 805.7762, 805.7762, 805.7762, 805.7762, 805.7762, 805.7762, 805.7762, 805.7762, 805.7762, 805.7762, 805.7762, 805.7762, 805.7762, 805.7762, 805.7762, 805.7762, 805.7762, 805.7762, 805.7762, 805.7762, 805.7762, 805.7762, 805.7762, 805.7762, 805.7762, 805.7762, 805.7762, 805.7762, 805.7762, 805.7762, 805.7762, 805.7762, 805.7762, 805.7762, 805.7762, 805.7762, 805.7762, 805.7762, 
 1026.3265, 1015.6981, 1026.3666, 1023.3786, 1025.7439, 1023.3694, 1026.4023, 1022.0702, 1025.9051, 1031.3452, 1034.2570, 1004.3862, 995.0975, 898.4936, 829.3505, 810.6197, 806.4480, 805.6830, 805.7077, 805.7582, 805.7782, 805.7783, 805.7769, 805.7762, 805.7762, 805.7762, 805.7763, 805.7763, 805.7762, 805.7762, 805.7762, 805.7762, 805.7762, 805.7762, 805.7762, 805.7762, 805.7762, 805.7762, 805.7762, 805.7762, 805.7762, 805.7762, 805.7762, 805.7762, 805.7762, 805.7762, 805.7762, 805.7762, 805.7762, 805.7762, 805.7762, 805.7762, 805.7762, 805.7762, 805.7762, 805.7762, 805.7762, 805.7762, 805.7762, 805.7762, 805.7762, 805.7762, 805.7762, 805.7762, 805.7762, 805.7762, 805.7762, 805.7762, 805.7762, 805.7762, 805.7762, 805.7762, 805.7762, 805.7762, 805.7762, 805.7762, 805.7762, 805.7762, 805.7762, 
 1025.8283, 1014.7500, 1025.9507, 1023.4944, 1026.1856, 1023.2198, 1025.1507, 1022.7658, 1027.7666, 1028.5228, 1026.2987, 1012.0651, 1023.1037, 967.4160, 871.5768, 820.9143, 808.7023, 806.0768, 805.6714, 805.7218, 805.7686, 805.7796, 805.7779, 805.7765, 805.7762, 805.7762, 805.7762, 805.7762, 805.7763, 805.7762, 805.7762, 805.7762, 805.7762, 805.7762, 805.7762, 805.7762, 805.7762, 805.7762, 805.7762, 805.7762, 805.7762, 805.7762, 805.7762, 805.7762, 805.7762, 805.7762, 805.7762, 805.7762, 805.7762, 805.7762, 805.7762, 805.7762, 805.7762, 805.7762, 805.7762, 805.7762, 805.7762, 805.7762, 805.7762, 805.7762, 805.7762, 805.7762, 805.7762, 805.7762, 805.7762, 805.7762, 805.7762, 805.7762, 805.7762, 805.7762, 805.7762, 805.7762, 805.7762, 805.7762, 805.7762, 805.7762, 805.7762, 805.7762, 805.7762, 
 1023.5750, 1013.2598, 1024.9336, 1023.0706, 1026.1459, 1023.1708, 1025.3826, 1023.7654, 1027.3687, 1025.1225, 1025.6580, 1021.7750, 1037.1244, 1000.8197, 943.1122, 851.6583, 815.6827, 807.5742, 805.8663, 805.6545, 805.7393, 805.7742, 805.7802, 805.7776, 805.7762, 805.7761, 805.7762, 805.7762, 805.7763, 805.7762, 805.7762, 805.7762, 805.7762, 805.7762, 805.7762, 805.7762, 805.7762, 805.7762, 805.7762, 805.7762, 805.7762, 805.7762, 805.7762, 805.7762, 805.7762, 805.7762, 805.7762, 805.7762, 805.7762, 805.7762, 805.7762, 805.7762, 805.7762, 805.7762, 805.7762, 805.7762, 805.7762, 805.7762, 805.7762, 805.7762, 805.7762, 805.7762, 805.7762, 805.7762, 805.7762, 805.7762, 805.7762, 805.7762, 805.7762, 805.7762, 805.7762, 805.7762, 805.7762, 805.7762, 805.7762, 805.7762, 805.7762, 805.7762, 805.7762, 
 1024.4206, 1012.6191, 1023.1329, 1021.6247, 1025.7875, 1023.1034, 1025.8352, 1024.3529, 1026.3953, 1023.0845, 1027.3635, 1030.4903, 1032.8203, 1005.9131, 997.4959, 913.7560, 835.8154, 812.0540, 806.7821, 805.7314, 805.6705, 805.7496, 805.7767, 805.7792, 805.7773, 805.7762, 805.7761, 805.7762, 805.7763, 805.7763, 805.7762, 805.7762, 805.7762, 805.7762, 805.7762, 805.7762, 805.7762, 805.7762, 805.7762, 805.7762, 805.7762, 805.7762, 805.7762, 805.7762, 805.7762, 805.7762, 805.7762, 805.7762, 805.7762, 805.7762, 805.7762, 805.7762, 805.7762, 805.7762, 805.7762, 805.7762, 805.7762, 805.7762, 805.7762, 805.7762, 805.7762, 805.7762, 805.7762, 805.7762, 805.7762, 805.7762, 805.7762, 805.7762, 805.7762, 805.7762, 805.7762, 805.7762, 805.7762, 805.7762, 805.7762, 805.7762, 805.7762, 805.7762, 805.7762, 
 1035.1627, 1014.6729, 1023.8355, 1021.6271, 1024.7275, 1022.7405, 1025.7868, 1024.1642, 1025.4669, 1023.8739, 1028.8975, 1027.7298, 1025.7358, 1013.9476, 1027.5272, 976.5525, 887.6878, 825.5517, 809.7762, 806.3082, 805.6777, 805.7118, 805.7612, 805.7786, 805.7782, 805.7768, 805.7762, 805.7762, 805.7762, 805.7762, 805.7763, 805.7762, 805.7762, 805.7762, 805.7762, 805.7762, 805.7762, 805.7762, 805.7762, 805.7762, 805.7762, 805.7762, 805.7762, 805.7762, 805.7762, 805.7762, 805.7762, 805.7762, 805.7762, 805.7762, 805.7762, 805.7762, 805.7762, 805.7762, 805.7762, 805.7762, 805.7762, 805.7762, 805.7762, 805.7762, 805.7762, 805.7762, 805.7762, 805.7762, 805.7762, 805.7762, 805.7762, 805.7762, 805.7762, 805.7762, 805.7762, 805.7762, 805.7762, 805.7762, 805.7762, 805.7762, 805.7762, 805.7762, 805.7762, 
 1031.9237, 1016.7864, 1025.6711, 1022.0827, 1024.7530, 1022.3973, 1025.4844, 1023.8908, 1025.6059, 1024.8923, 1028.4263, 1024.0005, 1025.8280, 1023.9953, 1034.8755, 1004.8391, 959.1913, 863.2094, 818.8445, 808.3237, 805.9938, 805.6640, 805.7264, 805.7706, 805.7800, 805.7778, 805.7764, 805.7762, 805.7762, 805.7762, 805.7763, 805.7763, 805.7762, 805.7762, 805.7762, 805.7762, 805.7762, 805.7762, 805.7762, 805.7762, 805.7762, 805.7762, 805.7762, 805.7762, 805.7762, 805.7762, 805.7762, 805.7762, 805.7762, 805.7762, 805.7762, 805.7762, 805.7762, 805.7762, 805.7762, 805.7762, 805.7762, 805.7762, 805.7762, 805.7762, 805.7762, 805.7762, 805.7762, 805.7762, 805.7762, 805.7762, 805.7762, 805.7762, 805.7762, 805.7762, 805.7762, 805.7762, 805.7762, 805.7762, 805.7762, 805.7762, 805.7762, 805.7762, 805.7762, 
 1025.9905, 1015.7727, 1025.7938, 1023.0269, 1025.0962, 1022.4798, 1025.0599, 1023.4869, 1025.6287, 1024.9047, 1027.4902, 1023.5083, 1027.5271, 1030.5491, 1030.6153, 1007.3120, 1003.2441, 931.9531, 845.7850, 814.4886, 807.3468, 805.8266, 805.6515, 805.7421, 805.7749, 805.7802, 805.7776, 805.7762, 805.7761, 805.7762, 805.7762, 805.7763, 805.7762, 805.7762, 805.7762, 805.7762, 805.7762, 805.7762, 805.7762, 805.7762, 805.7762, 805.7762, 805.7762, 805.7762, 805.7762, 805.7762, 805.7762, 805.7762, 805.7762, 805.7762, 805.7762, 805.7762, 805.7762, 805.7762, 805.7762, 805.7762, 805.7762, 805.7762, 805.7762, 805.7762, 805.7762, 805.7762, 805.7762, 805.7762, 805.7762, 805.7762, 805.7762, 805.7762, 805.7762, 805.7762, 805.7762, 805.7762, 805.7762, 805.7762, 805.7762, 805.7762, 805.7762, 805.7762, 805.7762, 
 1025.4577, 1014.7695, 1025.4972, 1023.1693, 1025.5449, 1022.6735, 1025.1209, 1023.5042, 1025.5332, 1024.6470, 1026.8131, 1024.1108, 1029.0543, 1027.9837, 1024.5720, 1015.3987, 1034.8633, 989.4563, 904.8088, 832.6104, 811.3875, 806.6719, 805.7122, 805.6779, 805.7500, 805.7767, 805.7791, 805.7772, 805.7762, 805.7761, 805.7762, 805.7763, 805.7763, 805.7762, 805.7762, 805.7762, 805.7762, 805.7762, 805.7762, 805.7762, 805.7762, 805.7762, 805.7762, 805.7762, 805.7762, 805.7762, 805.7762, 805.7762, 805.7762, 805.7762, 805.7762, 805.7762, 805.7762, 805.7762, 805.7762, 805.7762, 805.7762, 805.7762, 805.7762, 805.7762, 805.7762, 805.7762, 805.7762, 805.7762, 805.7762, 805.7762, 805.7762, 805.7762, 805.7762, 805.7762, 805.7762, 805.7762, 805.7762, 805.7762, 805.7762, 805.7762, 805.7762, 805.7762, 805.7762, 
 1023.8059, 1013.5576, 1024.1041, 1022.5359, 1025.5684, 1022.9629, 1025.2178, 1023.5758, 1025.4071, 1024.3299, 1026.8743, 1024.8510, 1028.5982, 1024.8079, 1025.6042, 1028.0623, 1032.6974, 1000.7642, 977.2873, 880.3080, 824.0618, 809.5164, 806.2598, 805.6780, 805.7117, 805.7615, 805.7786, 805.7782, 805.7768, 805.7762, 805.7762, 805.7762, 805.7763, 805.7763, 805.7762, 805.7762, 805.7762, 805.7762, 805.7762, 805.7762, 805.7762, 805.7762, 805.7762, 805.7762, 805.7762, 805.7762, 805.7762, 805.7762, 805.7762, 805.7762, 805.7762, 805.7762, 805.7762, 805.7762, 805.7762, 805.7762, 805.7762, 805.7762, 805.7762, 805.7762, 805.7762, 805.7762, 805.7762, 805.7762, 805.7762, 805.7762, 805.7762, 805.7762, 805.7762, 805.7762, 805.7762, 805.7762, 805.7762, 805.7762, 805.7762, 805.7762, 805.7762, 805.7762, 805.7762, 
 1035.6428, 1016.4690, 1024.9068, 1022.6896, 1025.3876, 1022.9970, 1025.3299, 1023.6538, 1025.3070, 1024.3800, 1026.9012, 1024.8679, 1027.8350, 1024.7913, 1027.6739, 1027.3695, 1027.5022, 1008.0110, 1013.2276, 950.3834, 860.3954, 818.0009, 808.1724, 805.9838, 805.6671, 805.7270, 805.7702, 805.7799, 805.7778, 805.7764, 805.7762, 805.7762, 805.7762, 805.7763, 805.7763, 805.7762, 805.7762, 805.7762, 805.7762, 805.7762, 805.7762, 805.7762, 805.7762, 805.7762, 805.7762, 805.7762, 805.7762, 805.7762, 805.7762, 805.7762, 805.7762, 805.7762, 805.7762, 805.7762, 805.7762, 805.7762, 805.7762, 805.7762, 805.7762, 805.7762, 805.7762, 805.7762, 805.7762, 805.7762, 805.7762, 805.7762, 805.7762, 805.7762, 805.7762, 805.7762, 805.7762, 805.7762, 805.7762, 805.7762, 805.7762, 805.7762, 805.7762, 805.7762, 805.7762, 
 1029.4577, 1016.3949, 1025.9673, 1023.1677, 1025.5123, 1023.0943, 1025.3771, 1023.7496, 1025.3356, 1024.4866, 1026.8689, 1024.7741, 1027.2193, 1025.0502, 1027.6401, 1025.2589, 1023.6541, 1018.6090, 1035.8556, 994.4869, 927.1631, 842.9554, 814.1165, 807.2901, 805.8206, 805.6534, 805.7418, 805.7744, 805.7802, 805.7776, 805.7762, 805.7762, 805.7762, 805.7762, 805.7763, 805.7763, 805.7762, 805.7762, 805.7762, 805.7762, 805.7762, 805.7762, 805.7762, 805.7762, 805.7762, 805.7762, 805.7762, 805.7762, 805.7762, 805.7762, 805.7762, 805.7762, 805.7762, 805.7762, 805.7762, 805.7762, 805.7762, 805.7762, 805.7762, 805.7762, 805.7762, 805.7762, 805.7762, 805.7762, 805.7762, 805.7762, 805.7762, 805.7762, 805.7762, 805.7762, 805.7762, 805.7762, 805.7762, 805.7762, 805.7762, 805.7762, 805.7762, 805.7762, 805.7762, 
 1027.5471, 1015.9091, 1026.0082, 1023.7610, 1025.9483, 1023.2586, 1025.4456, 1023.8661, 1025.3931, 1024.5898, 1026.8107, 1024.6208, 1027.1584, 1025.2491, 1026.9305, 1023.2478, 1025.7890, 1030.1646, 1032.0528, 1002.0274, 991.8025, 900.0333, 831.4044, 811.2862, 806.6532, 805.7158, 805.6749, 805.7493, 805.7762, 805.7793, 805.7773, 805.7762, 805.7761, 805.7762, 805.7763, 805.7763, 805.7762, 805.7762, 805.7762, 805.7762, 805.7762, 805.7762, 805.7762, 805.7762, 805.7762, 805.7762, 805.7762, 805.7762, 805.7762, 805.7762, 805.7762, 805.7762, 805.7762, 805.7762, 805.7762, 805.7762, 805.7762, 805.7762, 805.7762, 805.7762, 805.7762, 805.7762, 805.7762, 805.7762, 805.7762, 805.7762, 805.7762, 805.7762, 805.7762, 805.7762, 805.7762, 805.7762, 805.7762, 805.7762, 805.7762, 805.7762, 805.7762, 805.7762, 805.7762, 
 1023.3681, 1014.6122, 1025.4366, 1023.6238, 1025.9873, 1023.6528, 1025.6139, 1024.0235, 1025.4831, 1024.6829, 1026.7442, 1024.6242, 1027.0189, 1025.0753, 1026.1477, 1023.7129, 1028.2393, 1027.8110, 1024.9525, 1011.2002, 1023.1739, 969.8321, 878.7365, 823.6313, 809.5657, 806.2851, 805.6823, 805.7108, 805.7592, 805.7780, 805.7782, 805.7769, 805.7763, 805.7762, 805.7762, 805.7763, 805.7763, 805.7762, 805.7762, 805.7762, 805.7762, 805.7762, 805.7762, 805.7762, 805.7762, 805.7762, 805.7762, 805.7762, 805.7762, 805.7762, 805.7762, 805.7762, 805.7762, 805.7762, 805.7762, 805.7762, 805.7762, 805.7762, 805.7762, 805.7762, 805.7762, 805.7762, 805.7762, 805.7762, 805.7762, 805.7762, 805.7762, 805.7762, 805.7762, 805.7762, 805.7762, 805.7762, 805.7762, 805.7762, 805.7762, 805.7762, 805.7762, 805.7762, 805.7762, 
 1024.1373, 1013.5759, 1023.6908, 1022.5765, 1025.9204, 1023.6706, 1025.7807, 1024.2441, 1025.6151, 1024.7753, 1026.7062, 1024.6643, 1026.8811, 1024.8855, 1026.1654, 1024.5035, 1028.1586, 1024.8580, 1024.9513, 1021.8624, 1034.4968, 998.3463, 948.4348, 859.0509, 818.0193, 808.2248, 806.0106, 805.6734, 805.7252, 805.7685, 805.7794, 805.7779, 805.7766, 805.7762, 805.7762, 805.7762, 805.7763, 805.7763, 805.7762, 805.7762, 805.7762, 805.7762, 805.7762, 805.7762, 805.7762, 805.7762, 805.7762, 805.7762, 805.7762, 805.7762, 805.7762, 805.7762, 805.7762, 805.7762, 805.7762, 805.7762, 805.7762, 805.7762, 805.7762, 805.7762, 805.7762, 805.7762, 805.7762, 805.7762, 805.7762, 805.7762, 805.7762, 805.7762, 805.7762, 805.7762, 805.7762, 805.7762, 805.7762, 805.7762, 805.7762, 805.7762, 805.7762, 805.7762, 805.7762, 
 1034.9301, 1015.5434, 1024.3713, 1022.5699, 1025.3747, 1023.4904, 1025.7645, 1024.4264, 1025.7768, 1024.8954, 1026.6319, 1024.7021, 1026.7056, 1024.9591, 1026.3527, 1025.0595, 1027.3080, 1023.1693, 1027.0673, 1030.3339, 1031.1631, 1006.2921, 1005.3581, 925.5758, 843.9604, 814.4834, 807.3843, 805.8490, 805.6622, 805.7395, 805.7733, 805.7801, 805.7776, 805.7763, 805.7762, 805.7762, 805.7762, 805.7763, 805.7763, 805.7762, 805.7762, 805.7762, 805.7762, 805.7762, 805.7762, 805.7762, 805.7762, 805.7762, 805.7762, 805.7762, 805.7762, 805.7762, 805.7762, 805.7762, 805.7762, 805.7762, 805.7762, 805.7762, 805.7762, 805.7762, 805.7762, 805.7762, 805.7762, 805.7762, 805.7762, 805.7762, 805.7762, 805.7762, 805.7762, 805.7762, 805.7762, 805.7762, 805.7762, 805.7762, 805.7762, 805.7762, 805.7762, 805.7762, 805.7762, 
 1031.6371, 1017.1217, 1025.9078, 1023.0409, 1025.4243, 1023.4739, 1025.7025, 1024.4151, 1025.7591, 1024.9755, 1026.6644, 1024.7762, 1026.7436, 1025.0707, 1026.3446, 1024.8674, 1026.4987, 1023.8888, 1029.2636, 1027.7856, 1025.5360, 1014.2541, 1025.4174, 982.0196, 902.8958, 832.4009, 811.6819, 806.7503, 805.7400, 805.6698, 805.7480, 805.7756, 805.7796, 805.7774, 805.7762, 805.7762, 805.7762, 805.7762, 805.7763, 805.7762, 805.7762, 805.7762, 805.7762, 805.7762, 805.7762, 805.7762, 805.7762, 805.7762, 805.7762, 805.7762, 805.7762, 805.7762, 805.7762, 805.7762, 805.7762, 805.7762, 805.7762, 805.7762, 805.7762, 805.7762, 805.7762, 805.7762, 805.7762, 805.7762, 805.7762, 805.7762, 805.7762, 805.7762, 805.7762, 805.7762, 805.7762, 805.7762, 805.7762, 805.7762, 805.7762, 805.7762, 805.7762, 805.7762, 805.7762, 
 1025.5235, 1016.1113, 1025.8230, 1023.6942, 1025.6701, 1023.5374, 1025.6424, 1024.4025, 1025.7221, 1025.0071, 1026.6537, 1024.8600, 1026.7866, 1025.1874, 1026.2993, 1024.7513, 1026.5428, 1024.6593, 1028.8577, 1024.5304, 1025.6418, 1023.3385, 1035.0339, 1008.1958, 974.4571, 880.9330, 824.6221, 809.8737, 806.3606, 805.6907, 805.7090, 805.7562, 805.7772, 805.7784, 805.7771, 805.7762, 805.7762, 805.7762, 805.7763, 805.7763, 805.7762, 805.7762, 805.7762, 805.7762, 805.7762, 805.7762, 805.7762, 805.7762, 805.7762, 805.7762, 805.7762, 805.7762, 805.7762, 805.7762, 805.7762, 805.7762, 805.7762, 805.7762, 805.7762, 805.7762, 805.7762, 805.7762, 805.7762, 805.7762, 805.7762, 805.7762, 805.7762, 805.7762, 805.7762, 805.7762, 805.7762, 805.7762, 805.7762, 805.7762, 805.7762, 805.7762, 805.7762, 805.7762, 805.7762, 
 1025.0946, 1015.1063, 1025.3586, 1023.6897, 1025.9018, 1023.7781, 1025.7176, 1024.4069, 1025.6777, 1025.0006, 1026.6333, 1024.9480, 1026.8024, 1025.2685, 1026.2348, 1024.8204, 1026.7301, 1025.2794, 1027.8624, 1023.4756, 1027.3040, 1029.5698, 1031.6191, 1009.6690, 1007.1203, 952.5137, 862.2955, 819.0110, 808.4506, 806.0705, 805.6792, 805.7206, 805.7659, 805.7789, 805.7780, 805.7768, 805.7763, 805.7762, 805.7762, 805.7763, 805.7763, 805.7762, 805.7762, 805.7762, 805.7762, 805.7762, 805.7762, 805.7762, 805.7762, 805.7762, 805.7762, 805.7762, 805.7762, 805.7762, 805.7762, 805.7762, 805.7762, 805.7762, 805.7762, 805.7762, 805.7762, 805.7762, 805.7762, 805.7762, 805.7762, 805.7762, 805.7762, 805.7762, 805.7762, 805.7762, 805.7762, 805.7762, 805.7762, 805.7762, 805.7762, 805.7762, 805.7762, 805.7762, 805.7762, 
 1023.5645, 1013.9134, 1023.7093, 1022.7502, 1025.8388, 1023.8196, 1025.7330, 1024.4547, 1025.6584, 1025.0083, 1026.5873, 1025.0770, 1026.7835, 1025.3575, 1026.2513, 1024.9309, 1026.7817, 1025.1116, 1027.0572, 1024.1996, 1029.0591, 1027.4007, 1026.5597, 1016.1370, 1033.0364, 1000.3763, 929.9480, 847.6910, 815.3709, 807.6468, 805.9033, 805.6698, 805.7344, 805.7718, 805.7798, 805.7776, 805.7764, 805.7762, 805.7762, 805.7762, 805.7763, 805.7763, 805.7762, 805.7762, 805.7762, 805.7762, 805.7762, 805.7762, 805.7762, 805.7762, 805.7762, 805.7762, 805.7762, 805.7762, 805.7762, 805.7762, 805.7762, 805.7762, 805.7762, 805.7762, 805.7762, 805.7762, 805.7762, 805.7762, 805.7762, 805.7762, 805.7762, 805.7762, 805.7762, 805.7762, 805.7762, 805.7762, 805.7762, 805.7762, 805.7762, 805.7762, 805.7762, 805.7762, 805.7762, 
 1035.7732, 1017.1135, 1024.5803, 1022.8761, 1025.4507, 1023.7274, 1025.6746, 1024.4500, 1025.6336, 1025.0194, 1026.5466, 1025.1415, 1026.7642, 1025.4134, 1026.2895, 1025.0659, 1026.7888, 1025.1386, 1027.1561, 1024.8211, 1028.6545, 1024.7071, 1027.0322, 1026.3863, 1031.7245, 1007.2428, 995.2559, 908.9176, 835.8901, 812.5512, 807.0017, 805.7883, 805.6653, 805.7458, 805.7748, 805.7800, 805.7774, 805.7762, 805.7762, 805.7762, 805.7762, 805.7763, 805.7763, 805.7762, 805.7762, 805.7762, 805.7762, 805.7762, 805.7762, 805.7762, 805.7762, 805.7762, 805.7762, 805.7762, 805.7762, 805.7762, 805.7762, 805.7762, 805.7762, 805.7762, 805.7762, 805.7762, 805.7762, 805.7762, 805.7762, 805.7762, 805.7762, 805.7762, 805.7762, 805.7762, 805.7762, 805.7762, 805.7762, 805.7762, 805.7762, 805.7762, 805.7762, 805.7762, 805.7762, 
 1029.3910, 1016.9999, 1025.7171, 1023.3454, 1025.5197, 1023.6837, 1025.5910, 1024.4144, 1025.5734, 1025.0030, 1026.4922, 1025.1486, 1026.7059, 1025.4862, 1026.3546, 1025.2305, 1026.8178, 1025.2552, 1027.3265, 1025.2788, 1028.2086, 1024.8268, 1028.4595, 1025.7885, 1027.1871, 1012.0551, 1017.0185, 974.5000, 889.8068, 828.0197, 810.8071, 806.5736, 805.7207, 805.6842, 805.7507, 805.7759, 805.7792, 805.7773, 805.7762, 805.7762, 805.7762, 805.7762, 805.7763, 805.7762, 805.7762, 805.7762, 805.7762, 805.7762, 805.7762, 805.7762, 805.7762, 805.7762, 805.7762, 805.7762, 805.7762, 805.7762, 805.7762, 805.7762, 805.7762, 805.7762, 805.7762, 805.7762, 805.7762, 805.7762, 805.7762, 805.7762, 805.7762, 805.7762, 805.7762, 805.7762, 805.7762, 805.7762, 805.7762, 805.7762, 805.7762, 805.7762, 805.7762, 805.7762, 805.7762, 
 1027.4935, 1016.4580, 1025.8211, 1024.0078, 1025.7952, 1023.7460, 1025.4924, 1024.3661, 1025.4994, 1024.9726, 1026.4270, 1025.1721, 1026.6795, 1025.5729, 1026.4280, 1025.4084, 1026.8670, 1025.3635, 1027.3313, 1025.3011, 1027.8235, 1025.0676, 1028.3479, 1024.2472, 1025.2745, 1019.9605, 1034.4816, 1008.5532, 961.8541, 871.0016, 821.9319, 809.2307, 806.2537, 805.6916, 805.7123, 805.7582, 805.7773, 805.7783, 805.7770, 805.7762, 805.7762, 805.7762, 805.7763, 805.7763, 805.7762, 805.7762, 805.7762, 805.7762, 805.7762, 805.7762, 805.7762, 805.7762, 805.7762, 805.7762, 805.7762, 805.7762, 805.7762, 805.7762, 805.7762, 805.7762, 805.7762, 805.7762, 805.7762, 805.7762, 805.7762, 805.7762, 805.7762, 805.7762, 805.7762, 805.7762, 805.7762, 805.7762, 805.7762, 805.7762, 805.7762, 805.7762, 805.7762, 805.7762, 805.7762, 
 1023.1536, 1015.0699, 1025.2445, 1023.8422, 1025.9713, 1023.9524, 1025.5258, 1024.3712, 1025.4062, 1024.9398, 1026.3776, 1025.1968, 1026.6630, 1025.6592, 1026.4803, 1025.5377, 1026.8547, 1025.5123, 1027.2550, 1025.2183, 1027.5191, 1025.1009, 1027.9636, 1023.9605, 1026.8815, 1028.2759, 1031.3752, 1008.8694, 999.8796, 943.0395, 855.6693, 817.7169, 808.2452, 806.0427, 805.6844, 805.7242, 805.7663, 805.7786, 805.7778, 805.7767, 805.7763, 805.7762, 805.7762, 805.7763, 805.7763, 805.7762, 805.7762, 805.7762, 805.7762, 805.7762, 805.7762, 805.7762, 805.7762, 805.7762, 805.7762, 805.7762, 805.7762, 805.7762, 805.7762, 805.7762, 805.7762, 805.7762, 805.7762, 805.7762, 805.7762, 805.7762, 805.7762, 805.7762, 805.7762, 805.7762, 805.7762, 805.7762, 805.7762, 805.7762, 805.7762, 805.7762, 805.7762, 805.7762, 805.7762, 
 1023.9587, 1014.0493, 1023.4323, 1022.7360, 1025.8222, 1023.9488, 1025.5886, 1024.4068, 1025.4070, 1024.9602, 1026.3032, 1025.2453, 1026.6852, 1025.7447, 1026.5493, 1025.6664, 1026.8346, 1025.6217, 1027.1410, 1025.1973, 1027.3771, 1025.1080, 1027.5204, 1024.5232, 1028.7733, 1026.6361, 1025.8860, 1015.2422, 1032.4828, 998.1289, 921.8286, 842.7939, 814.3872, 807.4549, 805.8862, 805.6749, 805.7377, 805.7720, 805.7797, 805.7775, 805.7764, 805.7762, 805.7762, 805.7762, 805.7763, 805.7763, 805.7762, 805.7762, 805.7762, 805.7762, 805.7762, 805.7762, 805.7762, 805.7762, 805.7762, 805.7762, 805.7762, 805.7762, 805.7762, 805.7762, 805.7762, 805.7762, 805.7762, 805.7762, 805.7762, 805.7762, 805.7762, 805.7762, 805.7762, 805.7762, 805.7762, 805.7762, 805.7762, 805.7762, 805.7762, 805.7762, 805.7762, 805.7762, 805.7762, 
 1034.8735, 1016.1689, 1024.1381, 1022.7358, 1025.1240, 1023.6811, 1025.5266, 1024.4382, 1025.4194, 1025.0139, 1026.3205, 1025.3310, 1026.7112, 1025.8607, 1026.5638, 1025.8085, 1026.7792, 1025.6301, 1027.0439, 1025.2220, 1027.1383, 1025.2372, 1027.5483, 1025.0210, 1028.2667, 1024.5574, 1026.6479, 1026.5762, 1030.3632, 1003.0620, 982.6325, 903.1167, 834.3559, 812.3534, 806.9734, 805.7865, 805.6694, 805.7458, 805.7742, 805.7798, 805.7774, 805.7763, 805.7762, 805.7762, 805.7762, 805.7763, 805.7763, 805.7762, 805.7762, 805.7762, 805.7762, 805.7762, 805.7762, 805.7762, 805.7762, 805.7762, 805.7762, 805.7762, 805.7762, 805.7762, 805.7762, 805.7762, 805.7762, 805.7762, 805.7762, 805.7762, 805.7762, 805.7762, 805.7762, 805.7762, 805.7762, 805.7762, 805.7762, 805.7762, 805.7762, 805.7762, 805.7762, 805.7762, 805.7762, 
 1031.4650, 1017.7441, 1025.7332, 1023.2006, 1025.1581, 1023.5012, 1025.3182, 1024.3918, 1025.4181, 1025.0687, 1026.3497, 1025.4081, 1026.7207, 1025.9049, 1026.5522, 1025.7824, 1026.7084, 1025.6045, 1026.8156, 1025.3208, 1027.1592, 1025.4360, 1027.4909, 1025.0787, 1027.5991, 1024.5497, 1027.9882, 1025.8180, 1024.0434, 1011.4180, 1024.5372, 971.7718, 885.5033, 826.7153, 810.4192, 806.5429, 805.7228, 805.6850, 805.7503, 805.7752, 805.7792, 805.7773, 805.7762, 805.7762, 805.7762, 805.7762, 805.7763, 805.7762, 805.7762, 805.7762, 805.7762, 805.7762, 805.7762, 805.7762, 805.7762, 805.7762, 805.7762, 805.7762, 805.7762, 805.7762, 805.7762, 805.7762, 805.7762, 805.7762, 805.7762, 805.7762, 805.7762, 805.7762, 805.7762, 805.7762, 805.7762, 805.7762, 805.7762, 805.7762, 805.7762, 805.7762, 805.7762, 805.7762, 805.7762, 
 1025.2024, 1016.6726, 1025.7026, 1023.9110, 1025.4159, 1023.5549, 1025.1916, 1024.3073, 1025.3890, 1025.1132, 1026.3734, 1025.5007, 1026.7073, 1025.8866, 1026.4690, 1025.7674, 1026.5757, 1025.6189, 1026.8078, 1025.4621, 1027.1723, 1025.6062, 1027.4443, 1025.1591, 1026.8784, 1024.8431, 1027.7520, 1024.1105, 1025.0897, 1023.8500, 1032.8651, 999.3159, 959.2518, 869.3132, 821.7256, 809.2767, 806.2702, 805.6980, 805.7123, 805.7572, 805.7767, 805.7783, 805.7771, 805.7762, 805.7762, 805.7762, 805.7763, 805.7763, 805.7762, 805.7762, 805.7762, 805.7762, 805.7762, 805.7762, 805.7762, 805.7762, 805.7762, 805.7762, 805.7762, 805.7762, 805.7762, 805.7762, 805.7762, 805.7762, 805.7762, 805.7762, 805.7762, 805.7762, 805.7762, 805.7762, 805.7762, 805.7762, 805.7762, 805.7762, 805.7762, 805.7762, 805.7762, 805.7762, 805.7762, 
 1024.7567, 1015.5484, 1025.0789, 1023.7579, 1025.6745, 1023.8400, 1025.2572, 1024.3389, 1025.3714, 1025.1280, 1026.3509, 1025.5097, 1026.6714, 1025.8803, 1026.4170, 1025.7742, 1026.6258, 1025.6973, 1026.8846, 1025.6405, 1027.3798, 1025.8052, 1027.3550, 1025.2409, 1026.9436, 1025.1438, 1027.1112, 1024.0475, 1027.5551, 1028.6615, 1028.4433, 1002.5053, 1001.7171, 939.3982, 854.2650, 817.6641, 808.2767, 806.0637, 805.6877, 805.7229, 805.7650, 805.7782, 805.7778, 805.7768, 805.7763, 805.7762, 805.7762, 805.7763, 805.7763, 805.7762, 805.7762, 805.7762, 805.7762, 805.7762, 805.7762, 805.7762, 805.7762, 805.7762, 805.7762, 805.7762, 805.7762, 805.7762, 805.7762, 805.7762, 805.7762, 805.7762, 805.7762, 805.7762, 805.7762, 805.7762, 805.7762, 805.7762, 805.7762, 805.7762, 805.7762, 805.7762, 805.7762, 805.7762, 805.7762, 
 1023.1615, 1014.2143, 1023.1520, 1022.6345, 1025.5347, 1023.8704, 1025.3513, 1024.4245, 1025.3936, 1025.1620, 1026.3076, 1025.5239, 1026.5941, 1025.8835, 1026.4127, 1025.8072, 1026.6509, 1025.8570, 1026.9048, 1025.9015, 1027.3752, 1026.1774, 1027.2857, 1025.3709, 1027.0885, 1025.4145, 1027.1401, 1024.5291, 1028.9524, 1026.6214, 1022.9975, 1013.1956, 1036.1315, 994.4080, 922.2277, 843.9143, 814.9195, 807.6737, 805.9294, 805.6816, 805.7351, 805.7705, 805.7791, 805.7776, 805.7766, 805.7763, 805.7762, 805.7762, 805.7762, 805.7763, 805.7762, 805.7762, 805.7762, 805.7762, 805.7762, 805.7762, 805.7762, 805.7762, 805.7762, 805.7762, 805.7762, 805.7762, 805.7762, 805.7762, 805.7762, 805.7762, 805.7762, 805.7762, 805.7762, 805.7762, 805.7762, 805.7762, 805.7762, 805.7762, 805.7762, 805.7762, 805.7762, 805.7762, 805.7762, 
 1035.4264, 1017.5747, 1024.0171, 1022.7478, 1024.9870, 1023.6937, 1025.3672, 1024.5207, 1025.4441, 1025.2108, 1026.3109, 1025.5478, 1026.6135, 1025.9048, 1026.4315, 1025.9169, 1026.7099, 1025.9851, 1026.9076, 1025.9766, 1027.3239, 1026.1912, 1027.3219, 1025.5750, 1027.3218, 1025.8934, 1027.4642, 1025.0994, 1028.4376, 1024.2713, 1025.3576, 1027.1317, 1032.4550, 998.5684, 981.7761, 903.9363, 835.0120, 812.6330, 807.0867, 805.8168, 805.6763, 805.7446, 805.7735, 805.7797, 805.7774, 805.7763, 805.7762, 805.7762, 805.7762, 805.7763, 805.7763, 805.7762, 805.7762, 805.7762, 805.7762, 805.7762, 805.7762, 805.7762, 805.7762, 805.7762, 805.7762, 805.7762, 805.7762, 805.7762, 805.7762, 805.7762, 805.7762, 805.7762, 805.7762, 805.7762, 805.7762, 805.7762, 805.7762, 805.7762, 805.7762, 805.7762, 805.7762, 805.7762, 805.7762, 
 1028.9145, 1017.3258, 1025.2407, 1023.2445, 1025.1017, 1023.6704, 1025.2607, 1024.5113, 1025.4412, 1025.2352, 1026.3165, 1025.6382, 1026.6184, 1025.9828, 1026.4777, 1025.9756, 1026.7273, 1026.0390, 1026.8320, 1025.9649, 1027.2560, 1026.2289, 1027.3997, 1025.8557, 1027.4587, 1026.2934, 1027.4032, 1024.9554, 1027.6396, 1024.6510, 1027.9940, 1025.9996, 1024.9131, 1010.1702, 1031.6373, 974.7870, 889.6249, 828.4556, 811.0428, 806.6993, 805.7516, 805.6797, 805.7492, 805.7745, 805.7796, 805.7773, 805.7762, 805.7762, 805.7762, 805.7762, 805.7763, 805.7762, 805.7762, 805.7762, 805.7762, 805.7762, 805.7762, 805.7762, 805.7762, 805.7762, 805.7762, 805.7762, 805.7762, 805.7762, 805.7762, 805.7762, 805.7762, 805.7762, 805.7762, 805.7762, 805.7762, 805.7762, 805.7762, 805.7762, 805.7762, 805.7762, 805.7762, 805.7762, 805.7762, 
 1026.8912, 1016.6564, 1025.2751, 1023.9180, 1025.4011, 1023.7651, 1025.2734, 1024.5105, 1025.4023, 1025.2260, 1026.2952, 1025.6424, 1026.6069, 1026.0294, 1026.5449, 1026.1503, 1026.7594, 1026.0819, 1026.8028, 1025.9840, 1027.1531, 1026.2992, 1027.4045, 1026.1442, 1027.4331, 1026.1591, 1027.2965, 1024.9474, 1027.5565, 1025.3554, 1029.5460, 1024.4383, 1026.0695, 1025.7475, 1030.5892, 989.9728, 960.6776, 873.3791, 823.7176, 809.8093, 806.3956, 805.7118, 805.6960, 805.7521, 805.7752, 805.7789, 805.7771, 805.7762, 805.7762, 805.7762, 805.7762, 805.7763, 805.7762, 805.7762, 805.7762, 805.7762, 805.7762, 805.7762, 805.7762, 805.7762, 805.7762, 805.7762, 805.7762, 805.7762, 805.7762, 805.7762, 805.7762, 805.7762, 805.7762, 805.7762, 805.7762, 805.7762, 805.7762, 805.7762, 805.7762, 805.7762, 805.7762, 805.7762, 805.7762, 
 1022.5579, 1015.1221, 1024.6325, 1023.7241, 1025.6473, 1024.0745, 1025.3614, 1024.5444, 1025.4093, 1025.2280, 1026.2429, 1025.6419, 1026.5859, 1026.0398, 1026.5271, 1026.1741, 1026.7437, 1026.1311, 1026.8086, 1026.0151, 1027.0088, 1026.3067, 1027.3691, 1026.1422, 1027.3737, 1026.2792, 1027.1270, 1025.1121, 1028.0115, 1026.1847, 1028.8814, 1024.4381, 1027.9356, 1025.7908, 1026.0447, 1006.8350, 1017.5955, 945.3648, 862.1955, 819.7655, 808.8953, 806.2080, 805.7021, 805.7162, 805.7584, 805.7765, 805.7781, 805.7770, 805.7762, 805.7762, 805.7762, 805.7762, 805.7763, 805.7762, 805.7762, 805.7762, 805.7762, 805.7762, 805.7762, 805.7762, 805.7762, 805.7762, 805.7762, 805.7762, 805.7762, 805.7762, 805.7762, 805.7762, 805.7762, 805.7762, 805.7762, 805.7762, 805.7762, 805.7762, 805.7762, 805.7762, 805.7762, 805.7762, 805.7762, 
 1023.4187, 1014.0524, 1022.7056, 1022.5504, 1025.4886, 1024.0949, 1025.4766, 1024.6226, 1025.4372, 1025.2463, 1026.1812, 1025.6314, 1026.5343, 1026.0320, 1026.5087, 1026.1599, 1026.7303, 1026.1765, 1026.7998, 1026.0986, 1026.9277, 1026.2805, 1027.1703, 1026.0743, 1027.2498, 1026.0982, 1027.0865, 1025.9946, 1027.9970, 1026.1477, 1028.4443, 1024.8180, 1029.6783, 1025.2721, 1025.8161, 1019.4739, 1031.3776, 987.0040, 930.0376, 849.4682, 816.6216, 808.1207, 806.0437, 805.6929, 805.7255, 805.7650, 805.7778, 805.7777, 805.7768, 805.7763, 805.7762, 805.7762, 805.7762, 805.7763, 805.7762, 805.7762, 805.7762, 805.7762, 805.7762, 805.7762, 805.7762, 805.7762, 805.7762, 805.7762, 805.7762, 805.7762, 805.7762, 805.7762, 805.7762, 805.7762, 805.7762, 805.7762, 805.7762, 805.7762, 805.7762, 805.7762, 805.7762, 805.7762, 805.7762, 
 1034.5644, 1016.3415, 1023.5005, 1022.5910, 1024.6878, 1023.7888, 1025.4473, 1024.7197, 1025.4871, 1025.2845, 1026.1918, 1025.6327, 1026.4748, 1026.0144, 1026.4731, 1026.1327, 1026.6939, 1026.1994, 1026.7692, 1026.1141, 1026.8707, 1026.2757, 1026.9995, 1026.0786, 1027.0900, 1026.1228, 1027.0352, 1025.9766, 1027.6065, 1026.0696, 1028.3085, 1025.6019, 1029.4459, 1024.9466, 1026.0164, 1023.5419, 1030.2428, 1008.6239, 1002.2996, 915.2683, 841.9562, 814.4635, 807.5846, 805.9287, 805.6873, 805.7359, 805.7701, 805.7787, 805.7775, 805.7766, 805.7763, 805.7762, 805.7762, 805.7762, 805.7762, 805.7762, 805.7762, 805.7762, 805.7762, 805.7762, 805.7762, 805.7762, 805.7762, 805.7762, 805.7762, 805.7762, 805.7762, 805.7762, 805.7762, 805.7762, 805.7762, 805.7762, 805.7762, 805.7762, 805.7762, 805.7762, 805.7762, 805.7762, 805.7762, 
 1031.0150, 1017.9682, 1025.3162, 1023.1348, 1024.8205, 1023.6336, 1025.2311, 1024.6400, 1025.4836, 1025.3282, 1026.2091, 1025.6514, 1026.4872, 1026.0165, 1026.4225, 1026.1301, 1026.6295, 1026.1992, 1026.7151, 1026.1404, 1026.8776, 1026.2650, 1026.9766, 1026.0976, 1027.0765, 1026.1428, 1026.9798, 1025.9402, 1027.3948, 1025.5724, 1027.5452, 1025.8318, 1028.8112, 1024.4967, 1027.7171, 1027.6958, 1027.5278, 1009.5590, 1022.7662, 969.9316, 900.7705, 834.1670, 812.5164, 807.1018, 805.8339, 805.6857, 805.7442, 805.7730, 805.7794, 805.7773, 805.7764, 805.7762, 805.7762, 805.7762, 805.7763, 805.7763, 805.7762, 805.7762, 805.7762, 805.7762, 805.7762, 805.7762, 805.7762, 805.7762, 805.7762, 805.7762, 805.7762, 805.7762, 805.7762, 805.7762, 805.7762, 805.7762, 805.7762, 805.7762, 805.7762, 805.7762, 805.7762, 805.7762, 805.7762, 
 1024.5432, 1016.8239, 1025.2770, 1023.9860, 1025.2108, 1023.7086, 1024.9855, 1024.4410, 1025.4039, 1025.2980, 1026.1947, 1025.6910, 1026.4777, 1026.0302, 1026.4198, 1026.1375, 1026.6115, 1026.2102, 1026.6801, 1026.1863, 1026.8676, 1026.3946, 1026.9569, 1026.2134, 1027.0773, 1026.1806, 1026.7830, 1025.8502, 1026.9969, 1025.6626, 1027.1923, 1025.6648, 1027.8622, 1024.3271, 1029.1445, 1027.5330, 1025.9260, 1012.2524, 1027.8311, 1018.4906, 977.3794, 887.4043, 828.9998, 811.2382, 806.7926, 805.7799, 805.6847, 805.7492, 805.7740, 805.7795, 805.7772, 805.7763, 805.7762, 805.7762, 805.7762, 805.7762, 805.7763, 805.7762, 805.7762, 805.7762, 805.7762, 805.7762, 805.7762, 805.7762, 805.7762, 805.7762, 805.7762, 805.7762, 805.7762, 805.7762, 805.7762, 805.7762, 805.7762, 805.7762, 805.7762, 805.7762, 805.7762, 805.7762, 805.7762, 
 1024.2559, 1015.7003, 1024.7085, 1023.8409, 1025.5456, 1024.0635, 1025.0859, 1024.4620, 1025.2824, 1025.2064, 1026.1560, 1025.7180, 1026.4779, 1026.0477, 1026.4236, 1026.1648, 1026.6140, 1026.2326, 1026.6873, 1026.2630, 1026.8572, 1026.3619, 1026.9387, 1026.4219, 1027.0654, 1026.2378, 1026.8146, 1025.7973, 1026.9862, 1025.8057, 1027.1786, 1025.2080, 1026.4699, 1024.3668, 1028.7305, 1026.4709, 1027.0503, 1017.9091, 1034.1028, 1026.9675, 993.5583, 958.3924, 874.9847, 824.2807, 810.1223, 806.5164, 805.7372, 805.6918, 805.7512, 805.7745, 805.7793, 805.7771, 805.7762, 805.7763, 805.7763, 805.7762, 805.7762, 805.7762, 805.7762, 805.7762, 805.7762, 805.7762, 805.7762, 805.7762, 805.7762, 805.7762, 805.7762, 805.7762, 805.7762, 805.7762, 805.7762, 805.7762, 805.7762, 805.7762, 805.7762, 805.7762, 805.7762, 805.7762, 805.7762, 
 1022.8199, 1014.3867, 1022.6935, 1022.6788, 1025.3967, 1024.0873, 1025.2507, 1024.5294, 1025.2011, 1025.1439, 1026.0600, 1025.6911, 1026.4588, 1026.0764, 1026.4338, 1026.2045, 1026.6141, 1026.2547, 1026.6828, 1026.3125, 1026.8172, 1026.3708, 1026.9032, 1026.4509, 1027.0823, 1026.3529, 1026.8264, 1026.1513, 1027.0197, 1025.9240, 1026.9863, 1025.0560, 1026.1965, 1025.9053, 1027.5620, 1025.4766, 1028.1682, 1023.2830, 1031.6366, 1021.9777, 1007.3675, 1011.6413, 947.9246, 865.1466, 821.5202, 809.3421, 806.3322, 805.7188, 805.7019, 805.7528, 805.7747, 805.7788, 805.7770, 805.7761, 805.7761, 805.7762, 805.7763, 805.7763, 805.7762, 805.7762, 805.7762, 805.7762, 805.7762, 805.7762, 805.7762, 805.7762, 805.7762, 805.7762, 805.7762, 805.7762, 805.7762, 805.7762, 805.7762, 805.7762, 805.7762, 805.7762, 805.7762, 805.7762, 805.7762, 
 1035.4694, 1018.1321, 1023.6293, 1022.7960, 1024.7357, 1023.8055, 1025.2272, 1024.5715, 1025.2185, 1025.1541, 1025.9664, 1025.6319, 1026.4175, 1026.0897, 1026.4472, 1026.2472, 1026.6144, 1026.2810, 1026.6580, 1026.3203, 1026.7800, 1026.3259, 1026.8794, 1026.5064, 1027.0985, 1026.5501, 1026.8926, 1026.1519, 1027.1935, 1026.0579, 1027.1576, 1025.2886, 1026.2750, 1024.6986, 1027.7260, 1025.4421, 1027.0674, 1024.0424, 1027.3727, 1022.8802, 1020.3699, 1034.5335, 989.5058, 934.1178, 854.9219, 818.5509, 808.6622, 806.1846, 805.7101, 805.7188, 805.7568, 805.7755, 805.7783, 805.7772, 805.7765, 805.7762, 805.7762, 805.7762, 805.7762, 805.7763, 805.7762, 805.7762, 805.7762, 805.7762, 805.7762, 805.7762, 805.7762, 805.7762, 805.7762, 805.7762, 805.7762, 805.7762, 805.7762, 805.7762, 805.7762, 805.7762, 805.7762, 805.7762, 805.7762, 
 1028.6033, 1017.7979, 1024.9859, 1023.3342, 1024.8670, 1023.7545, 1025.0161, 1024.5136, 1025.2028, 1025.1440, 1025.9284, 1025.5878, 1026.3368, 1026.0743, 1026.4461, 1026.2795, 1026.6157, 1026.3109, 1026.6402, 1026.3072, 1026.5373, 1026.2415, 1026.8346, 1026.4936, 1027.1064, 1026.6112, 1027.0680, 1026.6122, 1027.1906, 1026.4730, 1027.1862, 1026.2845, 1027.2186, 1026.5241, 1027.1688, 1025.7290, 1027.3496, 1025.6619, 1026.7494, 1025.1269, 1024.9862, 1028.8857, 1004.4143, 1008.4857, 921.3166, 847.2283, 816.2564, 808.0714, 806.0576, 805.7014, 805.7290, 805.7645, 805.7765, 805.7766, 805.7764, 805.7765, 805.7763, 805.7763, 805.7762, 805.7762, 805.7762, 805.7762, 805.7762, 805.7762, 805.7762, 805.7762, 805.7762, 805.7762, 805.7762, 805.7762, 805.7762, 805.7762, 805.7762, 805.7762, 805.7762, 805.7762, 805.7762, 805.7762, 805.7762, 
 1026.5955, 1017.0453, 1025.0349, 1024.0769, 1025.3760, 1023.8319, 1024.9847, 1024.4306, 1025.1467, 1025.1088, 1025.8854, 1025.5902, 1026.2937, 1026.0509, 1026.4300, 1026.2896, 1026.6080, 1026.3155, 1026.6386, 1026.3116, 1026.5532, 1026.2555, 1026.6578, 1026.5062, 1027.0822, 1026.6007, 1027.0713, 1026.6261, 1027.1473, 1026.6247, 1027.2277, 1026.4103, 1027.2667, 1026.5544, 1027.6925, 1025.8941, 1027.0780, 1025.8166, 1026.9021, 1029.8836, 1025.4938, 1023.9204, 1012.9110, 1022.2985, 985.1395, 909.5487, 839.8332, 814.3674, 807.6225, 805.9545, 805.6863, 805.7322, 805.7707, 805.7787, 805.7778, 805.7762, 805.7761, 805.7762, 805.7762, 805.7763, 805.7763, 805.7762, 805.7762, 805.7762, 805.7762, 805.7762, 805.7762, 805.7762, 805.7762, 805.7762, 805.7762, 805.7762, 805.7762, 805.7762, 805.7762, 805.7762, 805.7762, 805.7762, 805.7762, 
 1022.1997, 1015.4751, 1024.3514, 1023.8290, 1025.4318, 1024.1794, 1025.1020, 1024.4480, 1025.0794, 1025.0593, 1025.8209, 1025.5847, 1026.2609, 1026.0441, 1026.3983, 1026.2763, 1026.5850, 1026.3250, 1026.6350, 1026.3330, 1026.5910, 1026.2625, 1026.6205, 1026.4324, 1026.9797, 1026.5749, 1027.0485, 1026.6107, 1027.1122, 1026.6278, 1027.2578, 1026.4659, 1027.3192, 1026.5764, 1027.7453, 1026.2931, 1026.8527, 1025.8359, 1026.3673, 1029.7564, 1025.1885, 1024.9216, 1017.6349, 1025.2604, 999.6207, 984.6381, 897.1659, 834.1613, 813.0457, 807.3345, 805.9395, 805.6991, 805.7192, 805.7636, 805.7777, 805.7789, 805.7771, 805.7764, 805.7762, 805.7762, 805.7762, 805.7762, 805.7762, 805.7762, 805.7762, 805.7762, 805.7762, 805.7762, 805.7762, 805.7762, 805.7762, 805.7762, 805.7762, 805.7762, 805.7762, 805.7762, 805.7762, 805.7762, 805.7762, 
 1023.6244, 1014.1251, 1022.5600, 1022.6885, 1025.1580, 1024.1493, 1025.1506, 1024.5450, 1025.1246, 1025.0947, 1025.8072, 1025.5812, 1026.2024, 1026.0336, 1026.3383, 1026.2338, 1026.5272, 1026.3308, 1026.6423, 1026.4044, 1026.6003, 1026.3219, 1026.6288, 1026.4130, 1026.7649, 1026.4964, 1026.9247, 1026.5333, 1027.0236, 1026.6280, 1027.1718, 1026.4490, 1027.1102, 1026.4743, 1027.2626, 1026.4131, 1026.1486, 1025.8723, 1025.7689, 1027.4479, 1026.7791, 1026.9122, 1025.4245, 1030.6537, 1010.8933, 1021.2032, 979.2555, 912.8902, 850.8297, 820.2846, 809.7240, 806.6780, 805.8711, 805.7521, 805.7641, 805.7732, 805.7765, 805.7768, 805.7764, 805.7763, 805.7763, 805.7762, 805.7762, 805.7762, 805.7762, 805.7762, 805.7762, 805.7762, 805.7762, 805.7762, 805.7762, 805.7762, 805.7762, 805.7762, 805.7762, 805.7762, 805.7762, 805.7762, 805.7762, 
