 0.0032, 0.0032, 0.0032, 0.0032, 0.0032, 0.0032, 0.0032, 0.0032, 0.0032, 0.0032, 0.0032, 0.0032, 0.0032, 0.0032, 0.0032, 0.0032, 0.0032, 0.0032, 0.0032, 0.0032, 0.0032, 0.0032, 0.0032, 0.0032, 0.0032, 0.0032, 0.0032, 0.0032, 0.0032, 0.0032, 0.0032, 0.0032, 0.0032, 0.0032, 0.0032, 0.0032, 0.0032, 0.0032, 0.0032, 0.0032, 0.0032, 0.0032, 0.0032, 0.0032, 0.0032, 0.0032, 0.0032, 0.0032, 0.0032, 0.0032, 0.0032, 0.0032, 0.0032, 0.0032, 0.0032, 0.0032, 0.0032, 0.0032, 0.0032, 0.0032, 0.0032, 0.0032, 0.0032, 0.0032, 0.0032, 0.0032, 0.0032, 0.0032, 0.0032, 0.0032, 0.0032, 0.0032, 0.0032, 0.0032, 0.0032, 0.0032, 0.0032, 0.0032, 0.0032, 
 0.0094, 0.0094, 0.0094, 0.0094, 0.0094, 0.0094, 0.0094, 0.0094, 0.0094, 0.0094, 0.0094, 0.0094, 0.0094, 0.0094, 0.0094, 0.0094, 0.0094, 0.0094, 0.0094, 0.0094, 0.0094, 0.0094, 0.0094, 0.0094, 0.0094, 0.0094, 0.0094, 0.0094, 0.0094, 0.0094, 0.0094, 0.0094, 0.0094, 0.0094, 0.0094, 0.0094, 0.0094, 0.0094, 0.0094, 0.0094, 0.0094, 0.0094, 0.0094, 0.0094, 0.0094, 0.0094, 0.0094, 0.0094, 0.0094, 0.0094, 0.0094, 0.0094, 0.0094, 0.0094, 0.0094, 0.0094, 0.0094, 0.0094, 0.0094, 0.0094, 0.0094, 0.0094, 0.0094, 0.0094, 0.0094, 0.0094, 0.0094, 0.0094, 0.0094, 0.0094, 0.0094, 0.0094, 0.0094, 0.0094, 0.0094, 0.0094, 0.0094, 0.0094, 0.0094, 
 0.0157, 0.0157, 0.0157, 0.0157, 0.0157, 0.0157, 0.0157, 0.0157, 0.0157, 0.0157, 0.0157, 0.0157, 0.0157, 0.0157, 0.0157, 0.0157, 0.0157, 0.0157, 0.0157, 0.0157, 0.0157, 0.0157, 0.0157, 0.0157, 0.0157, 0.0157, 0.0157, 0.0157, 0.0157, 0.0157, 0.0157, 0.0157, 0.0157, 0.0157, 0.0157, 0.0157, 0.0157, 0.0157, 0.0157, 0.0157, 0.0157, 0.0157, 0.0157, 0.0157, 0.0157, 0.0157, 0.0157, 0.0157, 0.0157, 0.0157, 0.0157, 0.0157, 0.0157, 0.0157, 0.0157, 0.0157, 0.0157, 0.0157, 0.0157, 0.0157, 0.0157, 0.0157, 0.0157, 0.0157, 0.0157, 0.0157, 0.0157, 0.0157, 0.0157, 0.0157, 0.0157, 0.0157, 0.0157, 0.0157, 0.0157, 0.0157, 0.0157, 0.0157, 0.0157, 
 0.0219, 0.0219, 0.0219, 0.0219, 0.0219, 0.0219, 0.0219, 0.0219, 0.0219, 0.0219, 0.0219, 0.0219, 0.0219, 0.0219, 0.0219, 0.0219, 0.0219, 0.0219, 0.0219, 0.0219, 0.0219, 0.0219, 0.0219, 0.0219, 0.0219, 0.0219, 0.0219, 0.0219, 0.0219, 0.0219, 0.0219, 0.0219, 0.0219, 0.0219, 0.0219, 0.0219, 0.0219, 0.0219, 0.0219, 0.0219, 0.0219, 0.0219, 0.0219, 0.0219, 0.0219, 0.0219, 0.0219, 0.0219, 0.0219, 0.0219, 0.0219, 0.0219, 0.0219, 0.0219, 0.0219, 0.0219, 0.0219, 0.0219, 0.0219, 0.0219, 0.0219, 0.0219, 0.0219, 0.0219, 0.0219, 0.0219, 0.0219, 0.0219, 0.0219, 0.0219, 0.0219, 0.0219, 0.0219, 0.0219, 0.0219, 0.0219, 0.0219, 0.0219, 0.0219, 
 0.0281, 0.0281, 0.0281, 0.0281, 0.0281, 0.0281, 0.0281, 0.0281, 0.0281, 0.0281, 0.0281, 0.0281, 0.0281, 0.0281, 0.0281, 0.0281, 0.0281, 0.0281, 0.0281, 0.0281, 0.0281, 0.0281, 0.0281, 0.0281, 0.0281, 0.0281, 0.0281, 0.0281, 0.0281, 0.0281, 0.0281, 0.0281, 0.0281, 0.0281, 0.0281, 0.0281, 0.0281, 0.0281, 0.0281, 0.0281, 0.0281, 0.0281, 0.0281, 0.0281, 0.0281, 0.0281, 0.0281, 0.0281, 0.0281, 0.0281, 0.0281, 0.0281, 0.0281, 0.0281, 0.0281, 0.0281, 0.0281, 0.0281, 0.0281, 0.0281, 0.0281, 0.0281, 0.0281, 0.0281, 0.0281, 0.0281, 0.0281, 0.0281, 0.0281, 0.0281, 0.0281, 0.0281, 0.0281, 0.0281, 0.0281, 0.0281, 0.0281, 0.0281, 0.0281, 
 0.0343, 0.0343, 0.0343, 0.0343, 0.0343, 0.0343, 0.0343, 0.0343, 0.0343, 0.0343, 0.0343, 0.0343, 0.0343, 0.0343, 0.0343, 0.0343, 0.0343, 0.0343, 0.0343, 0.0343, 0.0343, 0.0343, 0.0343, 0.0343, 0.0343, 0.0343, 0.0343, 0.0343, 0.0343, 0.0343, 0.0343, 0.0343, 0.0343, 0.0343, 0.0343, 0.0343, 0.0343, 0.0343, 0.0343, 0.0343, 0.0343, 0.0343, 0.0343, 0.0343, 0.0343, 0.0343, 0.0343, 0.0343, 0.0343, 0.0343, 0.0343, 0.0343, 0.0343, 0.0343, 0.0343, 0.0343, 0.0343, 0.0343, 0.0343, 0.0343, 0.0343, 0.0343, 0.0343, 0.0343, 0.0343, 0.0343, 0.0343, 0.0343, 0.0343, 0.0343, 0.0343, 0.0343, 0.0343, 0.0343, 0.0343, 0.0343, 0.0343, 0.0343, 0.0343, 
 0.0406, 0.0406, 0.0406, 0.0406, 0.0406, 0.0406, 0.0406, 0.0406, 0.0406, 0.0406, 0.0406, 0.0406, 0.0406, 0.0406, 0.0406, 0.0406, 0.0406, 0.0406, 0.0406, 0.0406, 0.0406, 0.0406, 0.0406, 0.0406, 0.0406, 0.0406, 0.0406, 0.0406, 0.0406, 0.0406, 0.0406, 0.0406, 0.0406, 0.0406, 0.0406, 0.0406, 0.0406, 0.0406, 0.0406, 0.0406, 0.0406, 0.0406, 0.0406, 0.0406, 0.0406, 0.0406, 0.0406, 0.0406, 0.0406, 0.0406, 0.0406, 0.0406, 0.0406, 0.0406, 0.0406, 0.0406, 0.0406, 0.0406, 0.0406, 0.0406, 0.0406, 0.0406, 0.0406, 0.0406, 0.0406, 0.0406, 0.0406, 0.0406, 0.0406, 0.0406, 0.0406, 0.0406, 0.0406, 0.0406, 0.0406, 0.0406, 0.0406, 0.0406, 0.0406, 
 0.0469, 0.0469, 0.0469, 0.0469, 0.0469, 0.0469, 0.0469, 0.0469, 0.0469, 0.0469, 0.0469, 0.0469, 0.0469, 0.0469, 0.0469, 0.0469, 0.0469, 0.0469, 0.0469, 0.0469, 0.0469, 0.0469, 0.0469, 0.0469, 0.0469, 0.0469, 0.0469, 0.0469, 0.0469, 0.0469, 0.0469, 0.0469, 0.0469, 0.0469, 0.0469, 0.0469, 0.0469, 0.0469, 0.0469, 0.0469, 0.0469, 0.0469, 0.0469, 0.0469, 0.0469, 0.0469, 0.0469, 0.0469, 0.0469, 0.0469, 0.0469, 0.0469, 0.0469, 0.0469, 0.0469, 0.0469, 0.0469, 0.0469, 0.0469, 0.0469, 0.0469, 0.0469, 0.0469, 0.0469, 0.0469, 0.0469, 0.0469, 0.0469, 0.0469, 0.0469, 0.0469, 0.0469, 0.0469, 0.0469, 0.0469, 0.0469, 0.0469, 0.0469, 0.0469, 
 0.0532, 0.0532, 0.0532, 0.0532, 0.0532, 0.0532, 0.0532, 0.0532, 0.0532, 0.0532, 0.0532, 0.0532, 0.0532, 0.0532, 0.0532, 0.0532, 0.0532, 0.0532, 0.0532, 0.0532, 0.0532, 0.0532, 0.0532, 0.0532, 0.0532, 0.0532, 0.0532, 0.0532, 0.0532, 0.0532, 0.0532, 0.0532, 0.0532, 0.0532, 0.0532, 0.0532, 0.0532, 0.0532, 0.0532, 0.0532, 0.0532, 0.0532, 0.0532, 0.0532, 0.0532, 0.0532, 0.0532, 0.0532, 0.0532, 0.0532, 0.0532, 0.0532, 0.0532, 0.0532, 0.0532, 0.0532, 0.0532, 0.0532, 0.0532, 0.0532, 0.0532, 0.0532, 0.0532, 0.0532, 0.0532, 0.0532, 0.0532, 0.0532, 0.0532, 0.0532, 0.0532, 0.0532, 0.0532, 0.0532, 0.0532, 0.0532, 0.0532, 0.0532, 0.0532, 
 0.0594, 0.0594, 0.0594, 0.0594, 0.0594, 0.0594, 0.0594, 0.0594, 0.0594, 0.0594, 0.0594, 0.0594, 0.0594, 0.0594, 0.0594, 0.0594, 0.0594, 0.0594, 0.0594, 0.0594, 0.0594, 0.0594, 0.0594, 0.0594, 0.0594, 0.0594, 0.0594, 0.0594, 0.0594, 0.0594, 0.0594, 0.0594, 0.0594, 0.0594, 0.0594, 0.0594, 0.0594, 0.0594, 0.0594, 0.0594, 0.0594, 0.0594, 0.0594, 0.0594, 0.0594, 0.0594, 0.0594, 0.0594, 0.0594, 0.0594, 0.0594, 0.0594, 0.0594, 0.0594, 0.0594, 0.0594, 0.0594, 0.0594, 0.0594, 0.0594, 0.0594, 0.0594, 0.0594, 0.0594, 0.0594, 0.0594, 0.0594, 0.0594, 0.0594, 0.0594, 0.0594, 0.0594, 0.0594, 0.0594, 0.0594, 0.0594, 0.0594, 0.0594, 0.0594, 
 0.0657, 0.0657, 0.0657, 0.0657, 0.0657, 0.0657, 0.0657, 0.0657, 0.0657, 0.0657, 0.0657, 0.0657, 0.0657, 0.0657, 0.0657, 0.0657, 0.0657, 0.0657, 0.0657, 0.0657, 0.0657, 0.0657, 0.0657, 0.0657, 0.0657, 0.0657, 0.0657, 0.0657, 0.0657, 0.0657, 0.0657, 0.0657, 0.0657, 0.0657, 0.0657, 0.0657, 0.0657, 0.0657, 0.0657, 0.0657, 0.0657, 0.0657, 0.0657, 0.0657, 0.0657, 0.0657, 0.0657, 0.0657, 0.0657, 0.0657, 0.0657, 0.0657, 0.0657, 0.0657, 0.0657, 0.0657, 0.0657, 0.0657, 0.0657, 0.0657, 0.0657, 0.0657, 0.0657, 0.0657, 0.0657, 0.0657, 0.0657, 0.0657, 0.0657, 0.0657, 0.0657, 0.0657, 0.0657, 0.0657, 0.0657, 0.0657, 0.0657, 0.0657, 0.0657, 
 0.0719, 0.0719, 0.0719, 0.0719, 0.0719, 0.0719, 0.0719, 0.0719, 0.0719, 0.0719, 0.0719, 0.0719, 0.0719, 0.0719, 0.0719, 0.0719, 0.0719, 0.0719, 0.0719, 0.0719, 0.0719, 0.0719, 0.0719, 0.0719, 0.0719, 0.0719, 0.0719, 0.0719, 0.0719, 0.0719, 0.0719, 0.0719, 0.0719, 0.0719, 0.0719, 0.0719, 0.0719, 0.0719, 0.0719, 0.0719, 0.0719, 0.0719, 0.0719, 0.0719, 0.0719, 0.0719, 0.0719, 0.0719, 0.0719, 0.0719, 0.0719, 0.0719, 0.0719, 0.0719, 0.0719, 0.0719, 0.0719, 0.0719, 0.0719, 0.0719, 0.0719, 0.0719, 0.0719, 0.0719, 0.0719, 0.0719, 0.0719, 0.0719, 0.0719, 0.0719, 0.0719, 0.0719, 0.0719, 0.0719, 0.0719, 0.0719, 0.0719, 0.0719, 0.0719, 
 0.0781, 0.0781, 0.0781, 0.0781, 0.0781, 0.0781, 0.0781, 0.0781, 0.0781, 0.0781, 0.0781, 0.0781, 0.0781, 0.0781, 0.0781, 0.0781, 0.0781, 0.0781, 0.0781, 0.0781, 0.0781, 0.0781, 0.0781, 0.0781, 0.0781, 0.0781, 0.0781, 0.0781, 0.0781, 0.0781, 0.0781, 0.0781, 0.0781, 0.0781, 0.0781, 0.0781, 0.0781, 0.0781, 0.0781, 0.0781, 0.0781, 0.0781, 0.0781, 0.0781, 0.0781, 0.0781, 0.0781, 0.0781, 0.0781, 0.0781, 0.0781, 0.0781, 0.0781, 0.0781, 0.0781, 0.0781, 0.0781, 0.0781, 0.0781, 0.0781, 0.0781, 0.0781, 0.0781, 0.0781, 0.0781, 0.0781, 0.0781, 0.0781, 0.0781, 0.0781, 0.0781, 0.0781, 0.0781, 0.0781, 0.0781, 0.0781, 0.0781, 0.0781, 0.0781, 
 0.0844, 0.0844, 0.0844, 0.0844, 0.0844, 0.0844, 0.0844, 0.0844, 0.0844, 0.0844, 0.0844, 0.0844, 0.0844, 0.0844, 0.0844, 0.0844, 0.0844, 0.0844, 0.0844, 0.0844, 0.0844, 0.0844, 0.0844, 0.0844, 0.0844, 0.0844, 0.0844, 0.0844, 0.0844, 0.0844, 0.0844, 0.0844, 0.0844, 0.0844, 0.0844, 0.0844, 0.0844, 0.0844, 0.0844, 0.0844, 0.0844, 0.0844, 0.0844, 0.0844, 0.0844, 0.0844, 0.0844, 0.0844, 0.0844, 0.0844, 0.0844, 0.0844, 0.0844, 0.0844, 0.0844, 0.0844, 0.0844, 0.0844, 0.0844, 0.0844, 0.0844, 0.0844, 0.0844, 0.0844, 0.0844, 0.0844, 0.0844, 0.0844, 0.0844, 0.0844, 0.0844, 0.0844, 0.0844, 0.0844, 0.0844, 0.0844, 0.0844, 0.0844, 0.0844, 
 0.0906, 0.0906, 0.0906, 0.0906, 0.0906, 0.0906, 0.0906, 0.0906, 0.0906, 0.0906, 0.0906, 0.0906, 0.0906, 0.0906, 0.0906, 0.0906, 0.0906, 0.0906, 0.0906, 0.0906, 0.0906, 0.0906, 0.0906, 0.0906, 0.0906, 0.0906, 0.0906, 0.0906, 0.0906, 0.0906, 0.0906, 0.0906, 0.0906, 0.0906, 0.0906, 0.0906, 0.0906, 0.0906, 0.0906, 0.0906, 0.0906, 0.0906, 0.0906, 0.0906, 0.0906, 0.0906, 0.0906, 0.0906, 0.0906, 0.0906, 0.0906, 0.0906, 0.0906, 0.0906, 0.0906, 0.0906, 0.0906, 0.0906, 0.0906, 0.0906, 0.0906, 0.0906, 0.0906, 0.0906, 0.0906, 0.0906, 0.0906, 0.0906, 0.0906, 0.0906, 0.0906, 0.0906, 0.0906, 0.0906, 0.0906, 0.0906, 0.0906, 0.0906, 0.0906, 
 0.0969, 0.0969, 0.0969, 0.0969, 0.0969, 0.0969, 0.0969, 0.0969, 0.0969, 0.0969, 0.0969, 0.0969, 0.0969, 0.0969, 0.0969, 0.0969, 0.0969, 0.0969, 0.0969, 0.0969, 0.0969, 0.0969, 0.0969, 0.0969, 0.0969, 0.0969, 0.0969, 0.0969, 0.0969, 0.0969, 0.0969, 0.0969, 0.0969, 0.0969, 0.0969, 0.0969, 0.0969, 0.0969, 0.0969, 0.0969, 0.0969, 0.0969, 0.0969, 0.0969, 0.0969, 0.0969, 0.0969, 0.0969, 0.0969, 0.0969, 0.0969, 0.0969, 0.0969, 0.0969, 0.0969, 0.0969, 0.0969, 0.0969, 0.0969, 0.0969, 0.0969, 0.0969, 0.0969, 0.0969, 0.0969, 0.0969, 0.0969, 0.0969, 0.0969, 0.0969, 0.0969, 0.0969, 0.0969, 0.0969, 0.0969, 0.0969, 0.0969, 0.0969, 0.0969, 
 0.1032, 0.1032, 0.1032, 0.1032, 0.1032, 0.1032, 0.1032, 0.1032, 0.1032, 0.1032, 0.1032, 0.1032, 0.1032, 0.1032, 0.1032, 0.1032, 0.1032, 0.1032, 0.1032, 0.1032, 0.1032, 0.1032, 0.1032, 0.1032, 0.1032, 0.1032, 0.1032, 0.1032, 0.1032, 0.1032, 0.1032, 0.1032, 0.1032, 0.1032, 0.1032, 0.1032, 0.1032, 0.1032, 0.1032, 0.1032, 0.1032, 0.1032, 0.1032, 0.1032, 0.1032, 0.1032, 0.1032, 0.1032, 0.1032, 0.1032, 0.1032, 0.1032, 0.1032, 0.1032, 0.1032, 0.1032, 0.1032, 0.1032, 0.1032, 0.1032, 0.1032, 0.1032, 0.1032, 0.1032, 0.1032, 0.1032, 0.1032, 0.1032, 0.1032, 0.1032, 0.1032, 0.1032, 0.1032, 0.1032, 0.1032, 0.1032, 0.1032, 0.1032, 0.1032, 
 0.1095, 0.1095, 0.1095, 0.1095, 0.1095, 0.1095, 0.1095, 0.1095, 0.1095, 0.1095, 0.1095, 0.1095, 0.1095, 0.1095, 0.1095, 0.1095, 0.1095, 0.1095, 0.1095, 0.1095, 0.1095, 0.1095, 0.1095, 0.1095, 0.1095, 0.1095, 0.1095, 0.1095, 0.1095, 0.1095, 0.1095, 0.1095, 0.1095, 0.1095, 0.1095, 0.1095, 0.1095, 0.1095, 0.1095, 0.1095, 0.1095, 0.1095, 0.1095, 0.1095, 0.1095, 0.1095, 0.1095, 0.1095, 0.1095, 0.1095, 0.1095, 0.1095, 0.1095, 0.1095, 0.1095, 0.1095, 0.1095, 0.1095, 0.1095, 0.1095, 0.1095, 0.1095, 0.1095, 0.1095, 0.1095, 0.1095, 0.1095, 0.1095, 0.1095, 0.1095, 0.1095, 0.1095, 0.1095, 0.1095, 0.1095, 0.1095, 0.1095, 0.1095, 0.1095, 
 0.1158, 0.1158, 0.1158, 0.1158, 0.1158, 0.1158, 0.1158, 0.1158, 0.1158, 0.1158, 0.1158, 0.1158, 0.1158, 0.1158, 0.1158, 0.1158, 0.1158, 0.1158, 0.1158, 0.1158, 0.1158, 0.1158, 0.1158, 0.1158, 0.1158, 0.1158, 0.1158, 0.1158, 0.1158, 0.1158, 0.1158, 0.1158, 0.1158, 0.1158, 0.1158, 0.1158, 0.1158, 0.1158, 0.1158, 0.1158, 0.1158, 0.1158, 0.1158, 0.1158, 0.1158, 0.1158, 0.1158, 0.1158, 0.1158, 0.1158, 0.1158, 0.1158, 0.1158, 0.1158, 0.1158, 0.1158, 0.1158, 0.1158, 0.1158, 0.1158, 0.1158, 0.1158, 0.1158, 0.1158, 0.1158, 0.1158, 0.1158, 0.1158, 0.1158, 0.1158, 0.1158, 0.1158, 0.1158, 0.1158, 0.1158, 0.1158, 0.1158, 0.1158, 0.1158, 
 0.1222, 0.1222, 0.1222, 0.1222, 0.1222, 0.1222, 0.1222, 0.1222, 0.1222, 0.1222, 0.1222, 0.1222, 0.1222, 0.1222, 0.1222, 0.1222, 0.1222, 0.1222, 0.1222, 0.1222, 0.1222, 0.1222, 0.1222, 0.1222, 0.1222, 0.1222, 0.1222, 0.1222, 0.1222, 0.1222, 0.1222, 0.1222, 0.1222, 0.1222, 0.1222, 0.1222, 0.1222, 0.1222, 0.1222, 0.1222, 0.1222, 0.1222, 0.1222, 0.1222, 0.1222, 0.1222, 0.1222, 0.1222, 0.1222, 0.1222, 0.1222, 0.1222, 0.1222, 0.1222, 0.1222, 0.1222, 0.1222, 0.1222, 0.1222, 0.1222, 0.1222, 0.1222, 0.1222, 0.1222, 0.1222, 0.1222, 0.1222, 0.1222, 0.1222, 0.1222, 0.1222, 0.1222, 0.1222, 0.1222, 0.1222, 0.1222, 0.1222, 0.1222, 0.1222, 
 0.1285, 0.1285, 0.1285, 0.1285, 0.1285, 0.1285, 0.1285, 0.1285, 0.1285, 0.1285, 0.1285, 0.1285, 0.1285, 0.1285, 0.1285, 0.1285, 0.1285, 0.1285, 0.1285, 0.1285, 0.1285, 0.1285, 0.1285, 0.1285, 0.1285, 0.1285, 0.1285, 0.1285, 0.1285, 0.1285, 0.1285, 0.1285, 0.1285, 0.1285, 0.1285, 0.1285, 0.1285, 0.1285, 0.1285, 0.1285, 0.1285, 0.1285, 0.1285, 0.1285, 0.1285, 0.1285, 0.1285, 0.1285, 0.1285, 0.1285, 0.1285, 0.1285, 0.1285, 0.1285, 0.1285, 0.1285, 0.1285, 0.1285, 0.1285, 0.1285, 0.1285, 0.1285, 0.1285, 0.1285, 0.1285, 0.1285, 0.1285, 0.1285, 0.1285, 0.1285, 0.1285, 0.1285, 0.1285, 0.1285, 0.1285, 0.1285, 0.1285, 0.1285, 0.1285, 
 0.1349, 0.1349, 0.1349, 0.1349, 0.1349, 0.1349, 0.1349, 0.1349, 0.1349, 0.1349, 0.1349, 0.1349, 0.1349, 0.1349, 0.1349, 0.1349, 0.1349, 0.1349, 0.1349, 0.1349, 0.1349, 0.1349, 0.1349, 0.1349, 0.1349, 0.1349, 0.1349, 0.1349, 0.1349, 0.1349, 0.1349, 0.1349, 0.1349, 0.1349, 0.1349, 0.1349, 0.1349, 0.1349, 0.1349, 0.1349, 0.1349, 0.1349, 0.1349, 0.1349, 0.1349, 0.1349, 0.1349, 0.1349, 0.1349, 0.1349, 0.1349, 0.1349, 0.1349, 0.1349, 0.1349, 0.1349, 0.1349, 0.1349, 0.1349, 0.1349, 0.1349, 0.1349, 0.1349, 0.1349, 0.1349, 0.1349, 0.1349, 0.1349, 0.1349, 0.1349, 0.1349, 0.1349, 0.1349, 0.1349, 0.1349, 0.1349, 0.1349, 0.1349, 0.1349, 
 0.1412, 0.1412, 0.1412, 0.1412, 0.1412, 0.1412, 0.1412, 0.1412, 0.1412, 0.1412, 0.1412, 0.1412, 0.1412, 0.1412, 0.1412, 0.1412, 0.1412, 0.1412, 0.1412, 0.1412, 0.1412, 0.1412, 0.1412, 0.1412, 0.1412, 0.1412, 0.1412, 0.1412, 0.1412, 0.1412, 0.1412, 0.1412, 0.1412, 0.1412, 0.1412, 0.1412, 0.1412, 0.1412, 0.1412, 0.1412, 0.1412, 0.1412, 0.1412, 0.1412, 0.1412, 0.1412, 0.1412, 0.1412, 0.1412, 0.1412, 0.1412, 0.1412, 0.1412, 0.1412, 0.1412, 0.1412, 0.1412, 0.1412, 0.1412, 0.1412, 0.1412, 0.1412, 0.1412, 0.1412, 0.1412, 0.1412, 0.1412, 0.1412, 0.1412, 0.1412, 0.1412, 0.1412, 0.1412, 0.1412, 0.1412, 0.1412, 0.1412, 0.1412, 0.1412, 
 0.1476, 0.1476, 0.1476, 0.1476, 0.1476, 0.1476, 0.1476, 0.1476, 0.1476, 0.1476, 0.1476, 0.1476, 0.1476, 0.1476, 0.1476, 0.1476, 0.1476, 0.1476, 0.1476, 0.1476, 0.1476, 0.1476, 0.1476, 0.1476, 0.1476, 0.1476, 0.1476, 0.1476, 0.1476, 0.1476, 0.1476, 0.1476, 0.1476, 0.1476, 0.1476, 0.1476, 0.1476, 0.1476, 0.1476, 0.1476, 0.1476, 0.1476, 0.1476, 0.1476, 0.1476, 0.1476, 0.1476, 0.1476, 0.1476, 0.1476, 0.1476, 0.1476, 0.1476, 0.1476, 0.1476, 0.1476, 0.1476, 0.1476, 0.1476, 0.1476, 0.1476, 0.1476, 0.1476, 0.1476, 0.1476, 0.1476, 0.1476, 0.1476, 0.1476, 0.1476, 0.1476, 0.1476, 0.1476, 0.1476, 0.1476, 0.1476, 0.1476, 0.1476, 0.1476, 
 0.1539, 0.1539, 0.1539, 0.1539, 0.1539, 0.1539, 0.1539, 0.1539, 0.1539, 0.1539, 0.1539, 0.1539, 0.1539, 0.1539, 0.1539, 0.1539, 0.1539, 0.1539, 0.1539, 0.1539, 0.1539, 0.1539, 0.1539, 0.1539, 0.1539, 0.1539, 0.1539, 0.1539, 0.1539, 0.1539, 0.1539, 0.1539, 0.1539, 0.1539, 0.1539, 0.1539, 0.1539, 0.1539, 0.1539, 0.1539, 0.1539, 0.1539, 0.1539, 0.1539, 0.1539, 0.1539, 0.1539, 0.1539, 0.1539, 0.1539, 0.1539, 0.1539, 0.1539, 0.1539, 0.1539, 0.1539, 0.1539, 0.1539, 0.1539, 0.1539, 0.1539, 0.1539, 0.1539, 0.1539, 0.1539, 0.1539, 0.1539, 0.1539, 0.1539, 0.1539, 0.1539, 0.1539, 0.1539, 0.1539, 0.1539, 0.1539, 0.1539, 0.1539, 0.1539, 
 0.1603, 0.1603, 0.1603, 0.1603, 0.1603, 0.1603, 0.1603, 0.1603, 0.1603, 0.1603, 0.1603, 0.1603, 0.1603, 0.1603, 0.1603, 0.1603, 0.1603, 0.1603, 0.1603, 0.1603, 0.1603, 0.1603, 0.1603, 0.1603, 0.1603, 0.1603, 0.1603, 0.1603, 0.1603, 0.1603, 0.1603, 0.1603, 0.1603, 0.1603, 0.1603, 0.1603, 0.1603, 0.1603, 0.1603, 0.1603, 0.1603, 0.1603, 0.1603, 0.1603, 0.1603, 0.1603, 0.1603, 0.1603, 0.1603, 0.1603, 0.1603, 0.1603, 0.1603, 0.1603, 0.1603, 0.1603, 0.1603, 0.1603, 0.1603, 0.1603, 0.1603, 0.1603, 0.1603, 0.1603, 0.1603, 0.1603, 0.1603, 0.1603, 0.1603, 0.1603, 0.1603, 0.1603, 0.1603, 0.1603, 0.1603, 0.1603, 0.1603, 0.1603, 0.1603, 
 0.1667, 0.1667, 0.1667, 0.1667, 0.1667, 0.1667, 0.1667, 0.1667, 0.1667, 0.1667, 0.1667, 0.1667, 0.1667, 0.1667, 0.1667, 0.1667, 0.1667, 0.1667, 0.1667, 0.1667, 0.1667, 0.1667, 0.1667, 0.1667, 0.1667, 0.1667, 0.1667, 0.1667, 0.1667, 0.1667, 0.1667, 0.1667, 0.1667, 0.1667, 0.1667, 0.1667, 0.1667, 0.1667, 0.1667, 0.1667, 0.1667, 0.1667, 0.1667, 0.1667, 0.1667, 0.1667, 0.1667, 0.1667, 0.1667, 0.1667, 0.1667, 0.1667, 0.1667, 0.1667, 0.1667, 0.1667, 0.1667, 0.1667, 0.1667, 0.1667, 0.1667, 0.1667, 0.1667, 0.1667, 0.1667, 0.1667, 0.1667, 0.1667, 0.1667, 0.1667, 0.1667, 0.1667, 0.1667, 0.1667, 0.1667, 0.1667, 0.1667, 0.1667, 0.1667, 
 0.1730, 0.1730, 0.1730, 0.1730, 0.1730, 0.1730, 0.1730, 0.1730, 0.1730, 0.1730, 0.1730, 0.1730, 0.1730, 0.1730, 0.1730, 0.1730, 0.1730, 0.1730, 0.1730, 0.1730, 0.1730, 0.1730, 0.1730, 0.1730, 0.1730, 0.1730, 0.1730, 0.1730, 0.1730, 0.1730, 0.1730, 0.1730, 0.1730, 0.1730, 0.1730, 0.1730, 0.1730, 0.1730, 0.1730, 0.1730, 0.1730, 0.1730, 0.1730, 0.1730, 0.1730, 0.1730, 0.1730, 0.1730, 0.1730, 0.1730, 0.1730, 0.1730, 0.1730, 0.1730, 0.1730, 0.1730, 0.1730, 0.1730, 0.1730, 0.1730, 0.1730, 0.1730, 0.1730, 0.1730, 0.1730, 0.1730, 0.1730, 0.1730, 0.1730, 0.1730, 0.1730, 0.1730, 0.1730, 0.1730, 0.1730, 0.1730, 0.1730, 0.1730, 0.1730, 
 0.1794, 0.1794, 0.1794, 0.1794, 0.1794, 0.1794, 0.1794, 0.1794, 0.1794, 0.1794, 0.1794, 0.1794, 0.1794, 0.1794, 0.1794, 0.1794, 0.1794, 0.1794, 0.1794, 0.1794, 0.1794, 0.1794, 0.1794, 0.1794, 0.1794, 0.1794, 0.1794, 0.1794, 0.1794, 0.1794, 0.1794, 0.1794, 0.1794, 0.1794, 0.1794, 0.1794, 0.1794, 0.1794, 0.1794, 0.1794, 0.1794, 0.1794, 0.1794, 0.1794, 0.1794, 0.1794, 0.1794, 0.1794, 0.1794, 0.1794, 0.1794, 0.1794, 0.1794, 0.1794, 0.1794, 0.1794, 0.1794, 0.1794, 0.1794, 0.1794, 0.1794, 0.1794, 0.1794, 0.1794, 0.1794, 0.1794, 0.1794, 0.1794, 0.1794, 0.1794, 0.1794, 0.1794, 0.1794, 0.1794, 0.1794, 0.1794, 0.1794, 0.1794, 0.1794, 
 0.1857, 0.1857, 0.1857, 0.1857, 0.1857, 0.1857, 0.1857, 0.1857, 0.1857, 0.1857, 0.1857, 0.1857, 0.1857, 0.1857, 0.1857, 0.1857, 0.1857, 0.1857, 0.1857, 0.1857, 0.1857, 0.1857, 0.1857, 0.1857, 0.1857, 0.1857, 0.1857, 0.1857, 0.1857, 0.1857, 0.1857, 0.1857, 0.1857, 0.1857, 0.1857, 0.1857, 0.1857, 0.1857, 0.1857, 0.1857, 0.1857, 0.1857, 0.1857, 0.1857, 0.1857, 0.1857, 0.1857, 0.1857, 0.1857, 0.1857, 0.1857, 0.1857, 0.1857, 0.1857, 0.1857, 0.1857, 0.1857, 0.1857, 0.1857, 0.1857, 0.1857, 0.1857, 0.1857, 0.1857, 0.1857, 0.1857, 0.1857, 0.1857, 0.1857, 0.1857, 0.1857, 0.1857, 0.1857, 0.1857, 0.1857, 0.1857, 0.1857, 0.1857, 0.1857, 
 0.1920, 0.1920, 0.1920, 0.1920, 0.1920, 0.1920, 0.1920, 0.1920, 0.1920, 0.1920, 0.1920, 0.1920, 0.1920, 0.1920, 0.1920, 0.1920, 0.1920, 0.1920, 0.1920, 0.1920, 0.1920, 0.1920, 0.1920, 0.1920, 0.1920, 0.1920, 0.1920, 0.1920, 0.1920, 0.1920, 0.1920, 0.1920, 0.1920, 0.1920, 0.1920, 0.1920, 0.1920, 0.1920, 0.1920, 0.1920, 0.1920, 0.1920, 0.1920, 0.1920, 0.1920, 0.1920, 0.1920, 0.1920, 0.1920, 0.1920, 0.1920, 0.1920, 0.1920, 0.1920, 0.1920, 0.1920, 0.1920, 0.1920, 0.1920, 0.1920, 0.1920, 0.1920, 0.1920, 0.1920, 0.1920, 0.1920, 0.1920, 0.1920, 0.1920, 0.1920, 0.1920, 0.1920, 0.1920, 0.1920, 0.1920, 0.1920, 0.1920, 0.1920, 0.1920, 
 0.1984, 0.1984, 0.1984, 0.1984, 0.1984, 0.1984, 0.1984, 0.1984, 0.1984, 0.1984, 0.1984, 0.1984, 0.1984, 0.1984, 0.1984, 0.1984, 0.1984, 0.1984, 0.1984, 0.1984, 0.1984, 0.1984, 0.1984, 0.1984, 0.1984, 0.1984, 0.1984, 0.1984, 0.1984, 0.1984, 0.1984, 0.1984, 0.1984, 0.1984, 0.1984, 0.1984, 0.1984, 0.1984, 0.1984, 0.1984, 0.1984, 0.1984, 0.1984, 0.1984, 0.1984, 0.1984, 0.1984, 0.1984, 0.1984, 0.1984, 0.1984, 0.1984, 0.1984, 0.1984, 0.1984, 0.1984, 0.1984, 0.1984, 0.1984, 0.1984, 0.1984, 0.1984, 0.1984, 0.1984, 0.1984, 0.1984, 0.1984, 0.1984, 0.1984, 0.1984, 0.1984, 0.1984, 0.1984, 0.1984, 0.1984, 0.1984, 0.1984, 0.1984, 0.1984, 
 0.2047, 0.2047, 0.2047, 0.2047, 0.2047, 0.2047, 0.2047, 0.2047, 0.2047, 0.2047, 0.2047, 0.2047, 0.2047, 0.2047, 0.2047, 0.2047, 0.2047, 0.2047, 0.2047, 0.2047, 0.2047, 0.2047, 0.2047, 0.2047, 0.2047, 0.2047, 0.2047, 0.2047, 0.2047, 0.2047, 0.2047, 0.2047, 0.2047, 0.2047, 0.2047, 0.2047, 0.2047, 0.2047, 0.2047, 0.2047, 0.2047, 0.2047, 0.2047, 0.2047, 0.2047, 0.2047, 0.2047, 0.2047, 0.2047, 0.2047, 0.2047, 0.2047, 0.2047, 0.2047, 0.2047, 0.2047, 0.2047, 0.2047, 0.2047, 0.2047, 0.2047, 0.2047, 0.2047, 0.2047, 0.2047, 0.2047, 0.2047, 0.2047, 0.2047, 0.2047, 0.2047, 0.2047, 0.2047, 0.2047, 0.2047, 0.2047, 0.2047, 0.2047, 0.2047, 
 0.2111, 0.2111, 0.2111, 0.2111, 0.2111, 0.2111, 0.2111, 0.2111, 0.2111, 0.2111, 0.2111, 0.2111, 0.2111, 0.2111, 0.2111, 0.2111, 0.2111, 0.2111, 0.2111, 0.2111, 0.2111, 0.2111, 0.2111, 0.2111, 0.2111, 0.2111, 0.2111, 0.2111, 0.2111, 0.2111, 0.2111, 0.2111, 0.2111, 0.2111, 0.2111, 0.2111, 0.2111, 0.2111, 0.2111, 0.2111, 0.2111, 0.2111, 0.2111, 0.2111, 0.2111, 0.2111, 0.2111, 0.2111, 0.2111, 0.2111, 0.2111, 0.2111, 0.2111, 0.2111, 0.2111, 0.2111, 0.2111, 0.2111, 0.2111, 0.2111, 0.2111, 0.2111, 0.2111, 0.2111, 0.2111, 0.2111, 0.2111, 0.2111, 0.2111, 0.2111, 0.2111, 0.2111, 0.2111, 0.2111, 0.2111, 0.2111, 0.2111, 0.2111, 0.2111, 
 0.2175, 0.2175, 0.2175, 0.2175, 0.2175, 0.2175, 0.2175, 0.2175, 0.2175, 0.2175, 0.2175, 0.2175, 0.2175, 0.2175, 0.2175, 0.2175, 0.2175, 0.2175, 0.2175, 0.2175, 0.2175, 0.2175, 0.2175, 0.2175, 0.2175, 0.2175, 0.2175, 0.2175, 0.2175, 0.2175, 0.2175, 0.2175, 0.2175, 0.2175, 0.2175, 0.2175, 0.2175, 0.2175, 0.2175, 0.2175, 0.2175, 0.2175, 0.2175, 0.2175, 0.2175, 0.2175, 0.2175, 0.2175, 0.2175, 0.2175, 0.2175, 0.2175, 0.2175, 0.2175, 0.2175, 0.2175, 0.2175, 0.2175, 0.2175, 0.2175, 0.2175, 0.2175, 0.2175, 0.2175, 0.2175, 0.2175, 0.2175, 0.2175, 0.2175, 0.2175, 0.2175, 0.2175, 0.2175, 0.2175, 0.2175, 0.2175, 0.2175, 0.2175, 0.2175, 
 0.2238, 0.2238, 0.2238, 0.2238, 0.2238, 0.2238, 0.2238, 0.2238, 0.2238, 0.2238, 0.2238, 0.2238, 0.2238, 0.2238, 0.2238, 0.2238, 0.2238, 0.2238, 0.2238, 0.2238, 0.2238, 0.2238, 0.2238, 0.2238, 0.2238, 0.2238, 0.2238, 0.2238, 0.2238, 0.2238, 0.2238, 0.2238, 0.2238, 0.2238, 0.2238, 0.2238, 0.2238, 0.2238, 0.2238, 0.2238, 0.2238, 0.2238, 0.2238, 0.2238, 0.2238, 0.2238, 0.2238, 0.2238, 0.2238, 0.2238, 0.2238, 0.2238, 0.2238, 0.2238, 0.2238, 0.2238, 0.2238, 0.2238, 0.2238, 0.2238, 0.2238, 0.2238, 0.2238, 0.2238, 0.2238, 0.2238, 0.2238, 0.2238, 0.2238, 0.2238, 0.2238, 0.2238, 0.2238, 0.2238, 0.2238, 0.2238, 0.2238, 0.2238, 0.2238, 
 0.2302, 0.2302, 0.2302, 0.2302, 0.2302, 0.2302, 0.2302, 0.2302, 0.2302, 0.2302, 0.2302, 0.2302, 0.2302, 0.2302, 0.2302, 0.2302, 0.2302, 0.2302, 0.2302, 0.2302, 0.2302, 0.2302, 0.2302, 0.2302, 0.2302, 0.2302, 0.2302, 0.2302, 0.2302, 0.2302, 0.2302, 0.2302, 0.2302, 0.2302, 0.2302, 0.2302, 0.2302, 0.2302, 0.2302, 0.2302, 0.2302, 0.2302, 0.2302, 0.2302, 0.2302, 0.2302, 0.2302, 0.2302, 0.2302, 0.2302, 0.2302, 0.2302, 0.2302, 0.2302, 0.2302, 0.2302, 0.2302, 0.2302, 0.2302, 0.2302, 0.2302, 0.2302, 0.2302, 0.2302, 0.2302, 0.2302, 0.2302, 0.2302, 0.2302, 0.2302, 0.2302, 0.2302, 0.2302, 0.2302, 0.2302, 0.2302, 0.2302, 0.2302, 0.2302, 
 0.2365, 0.2365, 0.2365, 0.2365, 0.2365, 0.2365, 0.2365, 0.2365, 0.2365, 0.2365, 0.2365, 0.2365, 0.2365, 0.2365, 0.2365, 0.2365, 0.2365, 0.2365, 0.2365, 0.2365, 0.2365, 0.2365, 0.2365, 0.2365, 0.2365, 0.2365, 0.2365, 0.2365, 0.2365, 0.2365, 0.2365, 0.2365, 0.2365, 0.2365, 0.2365, 0.2365, 0.2365, 0.2365, 0.2365, 0.2365, 0.2365, 0.2365, 0.2365, 0.2365, 0.2365, 0.2365, 0.2365, 0.2365, 0.2365, 0.2365, 0.2365, 0.2365, 0.2365, 0.2365, 0.2365, 0.2365, 0.2365, 0.2365, 0.2365, 0.2365, 0.2365, 0.2365, 0.2365, 0.2365, 0.2365, 0.2365, 0.2365, 0.2365, 0.2365, 0.2365, 0.2365, 0.2365, 0.2365, 0.2365, 0.2365, 0.2365, 0.2365, 0.2365, 0.2365, 
 0.2429, 0.2429, 0.2429, 0.2429, 0.2429, 0.2429, 0.2429, 0.2429, 0.2429, 0.2429, 0.2429, 0.2429, 0.2429, 0.2429, 0.2429, 0.2429, 0.2429, 0.2429, 0.2429, 0.2429, 0.2429, 0.2429, 0.2429, 0.2429, 0.2429, 0.2429, 0.2429, 0.2429, 0.2429, 0.2429, 0.2429, 0.2429, 0.2429, 0.2429, 0.2429, 0.2429, 0.2429, 0.2429, 0.2429, 0.2429, 0.2429, 0.2429, 0.2429, 0.2429, 0.2429, 0.2429, 0.2429, 0.2429, 0.2429, 0.2429, 0.2429, 0.2429, 0.2429, 0.2429, 0.2429, 0.2429, 0.2429, 0.2429, 0.2429, 0.2429, 0.2429, 0.2429, 0.2429, 0.2429, 0.2429, 0.2429, 0.2429, 0.2429, 0.2429, 0.2429, 0.2429, 0.2429, 0.2429, 0.2429, 0.2429, 0.2429, 0.2429, 0.2429, 0.2429, 
 0.2492, 0.2492, 0.2492, 0.2492, 0.2492, 0.2492, 0.2492, 0.2492, 0.2492, 0.2492, 0.2492, 0.2492, 0.2492, 0.2492, 0.2492, 0.2492, 0.2492, 0.2492, 0.2492, 0.2492, 0.2492, 0.2492, 0.2492, 0.2492, 0.2492, 0.2492, 0.2492, 0.2492, 0.2492, 0.2492, 0.2492, 0.2492, 0.2492, 0.2492, 0.2492, 0.2492, 0.2492, 0.2492, 0.2492, 0.2492, 0.2492, 0.2492, 0.2492, 0.2492, 0.2492, 0.2492, 0.2492, 0.2492, 0.2492, 0.2492, 0.2492, 0.2492, 0.2492, 0.2492, 0.2492, 0.2492, 0.2492, 0.2492, 0.2492, 0.2492, 0.2492, 0.2492, 0.2492, 0.2492, 0.2492, 0.2492, 0.2492, 0.2492, 0.2492, 0.2492, 0.2492, 0.2492, 0.2492, 0.2492, 0.2492, 0.2492, 0.2492, 0.2492, 0.2492, 
 0.2555, 0.2555, 0.2555, 0.2555, 0.2555, 0.2555, 0.2555, 0.2555, 0.2555, 0.2555, 0.2555, 0.2555, 0.2555, 0.2555, 0.2555, 0.2555, 0.2555, 0.2555, 0.2555, 0.2555, 0.2555, 0.2555, 0.2555, 0.2555, 0.2555, 0.2555, 0.2555, 0.2555, 0.2555, 0.2555, 0.2555, 0.2555, 0.2555, 0.2555, 0.2555, 0.2555, 0.2555, 0.2555, 0.2555, 0.2555, 0.2555, 0.2555, 0.2555, 0.2555, 0.2555, 0.2555, 0.2555, 0.2555, 0.2555, 0.2555, 0.2555, 0.2555, 0.2555, 0.2555, 0.2555, 0.2555, 0.2555, 0.2555, 0.2555, 0.2555, 0.2555, 0.2555, 0.2555, 0.2555, 0.2555, 0.2555, 0.2555, 0.2555, 0.2555, 0.2555, 0.2555, 0.2555, 0.2555, 0.2555, 0.2555, 0.2555, 0.2555, 0.2555, 0.2555, 
 0.2619, 0.2619, 0.2619, 0.2619, 0.2619, 0.2619, 0.2619, 0.2619, 0.2619, 0.2619, 0.2619, 0.2619, 0.2619, 0.2619, 0.2619, 0.2619, 0.2619, 0.2619, 0.2619, 0.2619, 0.2619, 0.2619, 0.2619, 0.2619, 0.2619, 0.2619, 0.2619, 0.2619, 0.2619, 0.2619, 0.2619, 0.2619, 0.2619, 0.2619, 0.2619, 0.2619, 0.2619, 0.2619, 0.2619, 0.2619, 0.2619, 0.2619, 0.2619, 0.2619, 0.2619, 0.2619, 0.2619, 0.2619, 0.2619, 0.2619, 0.2619, 0.2619, 0.2619, 0.2619, 0.2619, 0.2619, 0.2619, 0.2619, 0.2619, 0.2619, 0.2619, 0.2619, 0.2619, 0.2619, 0.2619, 0.2619, 0.2619, 0.2619, 0.2619, 0.2619, 0.2619, 0.2619, 0.2619, 0.2619, 0.2619, 0.2619, 0.2619, 0.2619, 0.2619, 
 0.2682, 0.2682, 0.2682, 0.2682, 0.2682, 0.2682, 0.2682, 0.2682, 0.2682, 0.2682, 0.2682, 0.2682, 0.2682, 0.2682, 0.2682, 0.2682, 0.2682, 0.2682, 0.2682, 0.2682, 0.2682, 0.2682, 0.2682, 0.2682, 0.2682, 0.2682, 0.2682, 0.2682, 0.2682, 0.2682, 0.2682, 0.2682, 0.2682, 0.2682, 0.2682, 0.2682, 0.2682, 0.2682, 0.2682, 0.2682, 0.2682, 0.2682, 0.2682, 0.2682, 0.2682, 0.2682, 0.2682, 0.2682, 0.2682, 0.2682, 0.2682, 0.2682, 0.2682, 0.2682, 0.2682, 0.2682, 0.2682, 0.2682, 0.2682, 0.2682, 0.2682, 0.2682, 0.2682, 0.2682, 0.2682, 0.2682, 0.2682, 0.2682, 0.2682, 0.2682, 0.2682, 0.2682, 0.2682, 0.2682, 0.2682, 0.2682, 0.2682, 0.2682, 0.2682, 
 0.2746, 0.2746, 0.2746, 0.2746, 0.2746, 0.2746, 0.2746, 0.2746, 0.2746, 0.2746, 0.2746, 0.2746, 0.2746, 0.2746, 0.2746, 0.2746, 0.2746, 0.2746, 0.2746, 0.2746, 0.2746, 0.2746, 0.2746, 0.2746, 0.2746, 0.2746, 0.2746, 0.2746, 0.2746, 0.2746, 0.2746, 0.2746, 0.2746, 0.2746, 0.2746, 0.2746, 0.2746, 0.2746, 0.2746, 0.2746, 0.2746, 0.2746, 0.2746, 0.2746, 0.2746, 0.2746, 0.2746, 0.2746, 0.2746, 0.2746, 0.2746, 0.2746, 0.2746, 0.2746, 0.2746, 0.2746, 0.2746, 0.2746, 0.2746, 0.2746, 0.2746, 0.2746, 0.2746, 0.2746, 0.2746, 0.2746, 0.2746, 0.2746, 0.2746, 0.2746, 0.2746, 0.2746, 0.2746, 0.2746, 0.2746, 0.2746, 0.2746, 0.2746, 0.2746, 
 0.2810, 0.2810, 0.2810, 0.2810, 0.2810, 0.2810, 0.2810, 0.2810, 0.2810, 0.2810, 0.2810, 0.2810, 0.2810, 0.2810, 0.2810, 0.2810, 0.2810, 0.2810, 0.2810, 0.2810, 0.2810, 0.2810, 0.2810, 0.2810, 0.2810, 0.2810, 0.2810, 0.2810, 0.2810, 0.2810, 0.2810, 0.2810, 0.2810, 0.2810, 0.2810, 0.2810, 0.2810, 0.2810, 0.2810, 0.2810, 0.2810, 0.2810, 0.2810, 0.2810, 0.2810, 0.2810, 0.2810, 0.2810, 0.2810, 0.2810, 0.2810, 0.2810, 0.2810, 0.2810, 0.2810, 0.2810, 0.2810, 0.2810, 0.2810, 0.2810, 0.2810, 0.2810, 0.2810, 0.2810, 0.2810, 0.2810, 0.2810, 0.2810, 0.2810, 0.2810, 0.2810, 0.2810, 0.2810, 0.2810, 0.2810, 0.2810, 0.2810, 0.2810, 0.2810, 
 0.2873, 0.2873, 0.2873, 0.2873, 0.2873, 0.2873, 0.2873, 0.2873, 0.2873, 0.2873, 0.2873, 0.2873, 0.2873, 0.2873, 0.2873, 0.2873, 0.2873, 0.2873, 0.2873, 0.2873, 0.2873, 0.2873, 0.2873, 0.2873, 0.2873, 0.2873, 0.2873, 0.2873, 0.2873, 0.2873, 0.2873, 0.2873, 0.2873, 0.2873, 0.2873, 0.2873, 0.2873, 0.2873, 0.2873, 0.2873, 0.2873, 0.2873, 0.2873, 0.2873, 0.2873, 0.2873, 0.2873, 0.2873, 0.2873, 0.2873, 0.2873, 0.2873, 0.2873, 0.2873, 0.2873, 0.2873, 0.2873, 0.2873, 0.2873, 0.2873, 0.2873, 0.2873, 0.2873, 0.2873, 0.2873, 0.2873, 0.2873, 0.2873, 0.2873, 0.2873, 0.2873, 0.2873, 0.2873, 0.2873, 0.2873, 0.2873, 0.2873, 0.2873, 0.2873, 
 0.2936, 0.2936, 0.2936, 0.2936, 0.2936, 0.2936, 0.2936, 0.2936, 0.2936, 0.2936, 0.2936, 0.2936, 0.2936, 0.2936, 0.2936, 0.2936, 0.2936, 0.2936, 0.2936, 0.2936, 0.2936, 0.2936, 0.2936, 0.2936, 0.2936, 0.2936, 0.2936, 0.2936, 0.2936, 0.2936, 0.2936, 0.2936, 0.2936, 0.2936, 0.2936, 0.2936, 0.2936, 0.2936, 0.2936, 0.2936, 0.2936, 0.2936, 0.2936, 0.2936, 0.2936, 0.2936, 0.2936, 0.2936, 0.2936, 0.2936, 0.2936, 0.2936, 0.2936, 0.2936, 0.2936, 0.2936, 0.2936, 0.2936, 0.2936, 0.2936, 0.2936, 0.2936, 0.2936, 0.2936, 0.2936, 0.2936, 0.2936, 0.2936, 0.2936, 0.2936, 0.2936, 0.2936, 0.2936, 0.2936, 0.2936, 0.2936, 0.2936, 0.2936, 0.2936, 
 0.3000, 0.3000, 0.3000, 0.3000, 0.3000, 0.3000, 0.3000, 0.3000, 0.3000, 0.3000, 0.3000, 0.3000, 0.3000, 0.3000, 0.3000, 0.3000, 0.3000, 0.3000, 0.3000, 0.3000, 0.3000, 0.3000, 0.3000, 0.3000, 0.3000, 0.3000, 0.3000, 0.3000, 0.3000, 0.3000, 0.3000, 0.3000, 0.3000, 0.3000, 0.3000, 0.3000, 0.3000, 0.3000, 0.3000, 0.3000, 0.3000, 0.3000, 0.3000, 0.3000, 0.3000, 0.3000, 0.3000, 0.3000, 0.3000, 0.3000, 0.3000, 0.3000, 0.3000, 0.3000, 0.3000, 0.3000, 0.3000, 0.3000, 0.3000, 0.3000, 0.3000, 0.3000, 0.3000, 0.3000, 0.3000, 0.3000, 0.3000, 0.3000, 0.3000, 0.3000, 0.3000, 0.3000, 0.3000, 0.3000, 0.3000, 0.3000, 0.3000, 0.3000, 0.3000, 
 0.3064, 0.3064, 0.3064, 0.3064, 0.3064, 0.3064, 0.3064, 0.3064, 0.3064, 0.3064, 0.3064, 0.3064, 0.3064, 0.3064, 0.3064, 0.3064, 0.3064, 0.3064, 0.3064, 0.3064, 0.3064, 0.3064, 0.3064, 0.3064, 0.3064, 0.3064, 0.3064, 0.3064, 0.3064, 0.3064, 0.3064, 0.3064, 0.3064, 0.3064, 0.3064, 0.3064, 0.3064, 0.3064, 0.3064, 0.3064, 0.3064, 0.3064, 0.3064, 0.3064, 0.3064, 0.3064, 0.3064, 0.3064, 0.3064, 0.3064, 0.3064, 0.3064, 0.3064, 0.3064, 0.3064, 0.3064, 0.3064, 0.3064, 0.3064, 0.3064, 0.3064, 0.3064, 0.3064, 0.3064, 0.3064, 0.3064, 0.3064, 0.3064, 0.3064, 0.3064, 0.3064, 0.3064, 0.3064, 0.3064, 0.3064, 0.3064, 0.3064, 0.3064, 0.3064, 
 0.3127, 0.3127, 0.3127, 0.3127, 0.3127, 0.3127, 0.3127, 0.3127, 0.3127, 0.3127, 0.3127, 0.3127, 0.3127, 0.3127, 0.3127, 0.3127, 0.3127, 0.3127, 0.3127, 0.3127, 0.3127, 0.3127, 0.3127, 0.3127, 0.3127, 0.3127, 0.3127, 0.3127, 0.3127, 0.3127, 0.3127, 0.3127, 0.3127, 0.3127, 0.3127, 0.3127, 0.3127, 0.3127, 0.3127, 0.3127, 0.3127, 0.3127, 0.3127, 0.3127, 0.3127, 0.3127, 0.3127, 0.3127, 0.3127, 0.3127, 0.3127, 0.3127, 0.3127, 0.3127, 0.3127, 0.3127, 0.3127, 0.3127, 0.3127, 0.3127, 0.3127, 0.3127, 0.3127, 0.3127, 0.3127, 0.3127, 0.3127, 0.3127, 0.3127, 0.3127, 0.3127, 0.3127, 0.3127, 0.3127, 0.3127, 0.3127, 0.3127, 0.3127, 0.3127, 
 0.3191, 0.3191, 0.3191, 0.3191, 0.3191, 0.3191, 0.3191, 0.3191, 0.3191, 0.3191, 0.3191, 0.3191, 0.3191, 0.3191, 0.3191, 0.3191, 0.3191, 0.3191, 0.3191, 0.3191, 0.3191, 0.3191, 0.3191, 0.3191, 0.3191, 0.3191, 0.3191, 0.3191, 0.3191, 0.3191, 0.3191, 0.3191, 0.3191, 0.3191, 0.3191, 0.3191, 0.3191, 0.3191, 0.3191, 0.3191, 0.3191, 0.3191, 0.3191, 0.3191, 0.3191, 0.3191, 0.3191, 0.3191, 0.3191, 0.3191, 0.3191, 0.3191, 0.3191, 0.3191, 0.3191, 0.3191, 0.3191, 0.3191, 0.3191, 0.3191, 0.3191, 0.3191, 0.3191, 0.3191, 0.3191, 0.3191, 0.3191, 0.3191, 0.3191, 0.3191, 0.3191, 0.3191, 0.3191, 0.3191, 0.3191, 0.3191, 0.3191, 0.3191, 0.3191, 
 0.3254, 0.3254, 0.3254, 0.3254, 0.3254, 0.3254, 0.3254, 0.3254, 0.3254, 0.3254, 0.3254, 0.3254, 0.3254, 0.3254, 0.3254, 0.3254, 0.3254, 0.3254, 0.3254, 0.3254, 0.3254, 0.3254, 0.3254, 0.3254, 0.3254, 0.3254, 0.3254, 0.3254, 0.3254, 0.3254, 0.3254, 0.3254, 0.3254, 0.3254, 0.3254, 0.3254, 0.3254, 0.3254, 0.3254, 0.3254, 0.3254, 0.3254, 0.3254, 0.3254, 0.3254, 0.3254, 0.3254, 0.3254, 0.3254, 0.3254, 0.3254, 0.3254, 0.3254, 0.3254, 0.3254, 0.3254, 0.3254, 0.3254, 0.3254, 0.3254, 0.3254, 0.3254, 0.3254, 0.3254, 0.3254, 0.3254, 0.3254, 0.3254, 0.3254, 0.3254, 0.3254, 0.3254, 0.3254, 0.3254, 0.3254, 0.3254, 0.3254, 0.3254, 0.3254, 
 0.3317, 0.3317, 0.3317, 0.3317, 0.3317, 0.3317, 0.3317, 0.3317, 0.3317, 0.3317, 0.3317, 0.3317, 0.3317, 0.3317, 0.3317, 0.3317, 0.3317, 0.3317, 0.3317, 0.3317, 0.3317, 0.3317, 0.3317, 0.3317, 0.3317, 0.3317, 0.3317, 0.3317, 0.3317, 0.3317, 0.3317, 0.3317, 0.3317, 0.3317, 0.3317, 0.3317, 0.3317, 0.3317, 0.3317, 0.3317, 0.3317, 0.3317, 0.3317, 0.3317, 0.3317, 0.3317, 0.3317, 0.3317, 0.3317, 0.3317, 0.3317, 0.3317, 0.3317, 0.3317, 0.3317, 0.3317, 0.3317, 0.3317, 0.3317, 0.3317, 0.3317, 0.3317, 0.3317, 0.3317, 0.3317, 0.3317, 0.3317, 0.3317, 0.3317, 0.3317, 0.3317, 0.3317, 0.3317, 0.3317, 0.3317, 0.3317, 0.3317, 0.3317, 0.3317, 
 0.3381, 0.3381, 0.3381, 0.3381, 0.3381, 0.3381, 0.3381, 0.3381, 0.3381, 0.3381, 0.3381, 0.3381, 0.3381, 0.3381, 0.3381, 0.3381, 0.3381, 0.3381, 0.3381, 0.3381, 0.3381, 0.3381, 0.3381, 0.3381, 0.3381, 0.3381, 0.3381, 0.3381, 0.3381, 0.3381, 0.3381, 0.3381, 0.3381, 0.3381, 0.3381, 0.3381, 0.3381, 0.3381, 0.3381, 0.3381, 0.3381, 0.3381, 0.3381, 0.3381, 0.3381, 0.3381, 0.3381, 0.3381, 0.3381, 0.3381, 0.3381, 0.3381, 0.3381, 0.3381, 0.3381, 0.3381, 0.3381, 0.3381, 0.3381, 0.3381, 0.3381, 0.3381, 0.3381, 0.3381, 0.3381, 0.3381, 0.3381, 0.3381, 0.3381, 0.3381, 0.3381, 0.3381, 0.3381, 0.3381, 0.3381, 0.3381, 0.3381, 0.3381, 0.3381, 
 0.3445, 0.3445, 0.3445, 0.3445, 0.3445, 0.3445, 0.3445, 0.3445, 0.3445, 0.3445, 0.3445, 0.3445, 0.3445, 0.3445, 0.3445, 0.3445, 0.3445, 0.3445, 0.3445, 0.3445, 0.3445, 0.3445, 0.3445, 0.3445, 0.3445, 0.3445, 0.3445, 0.3445, 0.3445, 0.3445, 0.3445, 0.3445, 0.3445, 0.3445, 0.3445, 0.3445, 0.3445, 0.3445, 0.3445, 0.3445, 0.3445, 0.3445, 0.3445, 0.3445, 0.3445, 0.3445, 0.3445, 0.3445, 0.3445, 0.3445, 0.3445, 0.3445, 0.3445, 0.3445, 0.3445, 0.3445, 0.3445, 0.3445, 0.3445, 0.3445, 0.3445, 0.3445, 0.3445, 0.3445, 0.3445, 0.3445, 0.3445, 0.3445, 0.3445, 0.3445, 0.3445, 0.3445, 0.3445, 0.3445, 0.3445, 0.3445, 0.3445, 0.3445, 0.3445, 
 0.3508, 0.3508, 0.3508, 0.3508, 0.3508, 0.3508, 0.3508, 0.3508, 0.3508, 0.3508, 0.3508, 0.3508, 0.3508, 0.3508, 0.3508, 0.3508, 0.3508, 0.3508, 0.3508, 0.3508, 0.3508, 0.3508, 0.3508, 0.3508, 0.3508, 0.3508, 0.3508, 0.3508, 0.3508, 0.3508, 0.3508, 0.3508, 0.3508, 0.3508, 0.3508, 0.3508, 0.3508, 0.3508, 0.3508, 0.3508, 0.3508, 0.3508, 0.3508, 0.3508, 0.3508, 0.3508, 0.3508, 0.3508, 0.3508, 0.3508, 0.3508, 0.3508, 0.3508, 0.3508, 0.3508, 0.3508, 0.3508, 0.3508, 0.3508, 0.3508, 0.3508, 0.3508, 0.3508, 0.3508, 0.3508, 0.3508, 0.3508, 0.3508, 0.3508, 0.3508, 0.3508, 0.3508, 0.3508, 0.3508, 0.3508, 0.3508, 0.3508, 0.3508, 0.3508, 
 0.3571, 0.3571, 0.3571, 0.3571, 0.3571, 0.3571, 0.3571, 0.3571, 0.3571, 0.3571, 0.3571, 0.3571, 0.3571, 0.3571, 0.3571, 0.3571, 0.3571, 0.3571, 0.3571, 0.3571, 0.3571, 0.3571, 0.3571, 0.3571, 0.3571, 0.3571, 0.3571, 0.3571, 0.3571, 0.3571, 0.3571, 0.3571, 0.3571, 0.3571, 0.3571, 0.3571, 0.3571, 0.3571, 0.3571, 0.3571, 0.3571, 0.3571, 0.3571, 0.3571, 0.3571, 0.3571, 0.3571, 0.3571, 0.3571, 0.3571, 0.3571, 0.3571, 0.3571, 0.3571, 0.3571, 0.3571, 0.3571, 0.3571, 0.3571, 0.3571, 0.3571, 0.3571, 0.3571, 0.3571, 0.3571, 0.3571, 0.3571, 0.3571, 0.3571, 0.3571, 0.3571, 0.3571, 0.3571, 0.3571, 0.3571, 0.3571, 0.3571, 0.3571, 0.3571, 
 0.3635, 0.3635, 0.3635, 0.3635, 0.3635, 0.3635, 0.3635, 0.3635, 0.3635, 0.3635, 0.3635, 0.3635, 0.3635, 0.3635, 0.3635, 0.3635, 0.3635, 0.3635, 0.3635, 0.3635, 0.3635, 0.3635, 0.3635, 0.3635, 0.3635, 0.3635, 0.3635, 0.3635, 0.3635, 0.3635, 0.3635, 0.3635, 0.3635, 0.3635, 0.3635, 0.3635, 0.3635, 0.3635, 0.3635, 0.3635, 0.3635, 0.3635, 0.3635, 0.3635, 0.3635, 0.3635, 0.3635, 0.3635, 0.3635, 0.3635, 0.3635, 0.3635, 0.3635, 0.3635, 0.3635, 0.3635, 0.3635, 0.3635, 0.3635, 0.3635, 0.3635, 0.3635, 0.3635, 0.3635, 0.3635, 0.3635, 0.3635, 0.3635, 0.3635, 0.3635, 0.3635, 0.3635, 0.3635, 0.3635, 0.3635, 0.3635, 0.3635, 0.3635, 0.3635, 
 0.3699, 0.3699, 0.3699, 0.3699, 0.3699, 0.3699, 0.3699, 0.3699, 0.3699, 0.3699, 0.3699, 0.3699, 0.3699, 0.3699, 0.3699, 0.3699, 0.3699, 0.3699, 0.3699, 0.3699, 0.3699, 0.3699, 0.3699, 0.3699, 0.3699, 0.3699, 0.3699, 0.3699, 0.3699, 0.3699, 0.3699, 0.3699, 0.3699, 0.3699, 0.3699, 0.3699, 0.3699, 0.3699, 0.3699, 0.3699, 0.3699, 0.3699, 0.3699, 0.3699, 0.3699, 0.3699, 0.3699, 0.3699, 0.3699, 0.3699, 0.3699, 0.3699, 0.3699, 0.3699, 0.3699, 0.3699, 0.3699, 0.3699, 0.3699, 0.3699, 0.3699, 0.3699, 0.3699, 0.3699, 0.3699, 0.3699, 0.3699, 0.3699, 0.3699, 0.3699, 0.3699, 0.3699, 0.3699, 0.3699, 0.3699, 0.3699, 0.3699, 0.3699, 0.3699, 
 0.3762, 0.3762, 0.3762, 0.3762, 0.3762, 0.3762, 0.3762, 0.3762, 0.3762, 0.3762, 0.3762, 0.3762, 0.3762, 0.3762, 0.3762, 0.3762, 0.3762, 0.3762, 0.3762, 0.3762, 0.3762, 0.3762, 0.3762, 0.3762, 0.3762, 0.3762, 0.3762, 0.3762, 0.3762, 0.3762, 0.3762, 0.3762, 0.3762, 0.3762, 0.3762, 0.3762, 0.3762, 0.3762, 0.3762, 0.3762, 0.3762, 0.3762, 0.3762, 0.3762, 0.3762, 0.3762, 0.3762, 0.3762, 0.3762, 0.3762, 0.3762, 0.3762, 0.3762, 0.3762, 0.3762, 0.3762, 0.3762, 0.3762, 0.3762, 0.3762, 0.3762, 0.3762, 0.3762, 0.3762, 0.3762, 0.3762, 0.3762, 0.3762, 0.3762, 0.3762, 0.3762, 0.3762, 0.3762, 0.3762, 0.3762, 0.3762, 0.3762, 0.3762, 0.3762, 
 0.3826, 0.3826, 0.3826, 0.3826, 0.3826, 0.3826, 0.3826, 0.3826, 0.3826, 0.3826, 0.3826, 0.3826, 0.3826, 0.3826, 0.3826, 0.3826, 0.3826, 0.3826, 0.3826, 0.3826, 0.3826, 0.3826, 0.3826, 0.3826, 0.3826, 0.3826, 0.3826, 0.3826, 0.3826, 0.3826, 0.3826, 0.3826, 0.3826, 0.3826, 0.3826, 0.3826, 0.3826, 0.3826, 0.3826, 0.3826, 0.3826, 0.3826, 0.3826, 0.3826, 0.3826, 0.3826, 0.3826, 0.3826, 0.3826, 0.3826, 0.3826, 0.3826, 0.3826, 0.3826, 0.3826, 0.3826, 0.3826, 0.3826, 0.3826, 0.3826, 0.3826, 0.3826, 0.3826, 0.3826, 0.3826, 0.3826, 0.3826, 0.3826, 0.3826, 0.3826, 0.3826, 0.3826, 0.3826, 0.3826, 0.3826, 0.3826, 0.3826, 0.3826, 0.3826, 
 0.3889, 0.3889, 0.3889, 0.3889, 0.3889, 0.3889, 0.3889, 0.3889, 0.3889, 0.3889, 0.3889, 0.3889, 0.3889, 0.3889, 0.3889, 0.3889, 0.3889, 0.3889, 0.3889, 0.3889, 0.3889, 0.3889, 0.3889, 0.3889, 0.3889, 0.3889, 0.3889, 0.3889, 0.3889, 0.3889, 0.3889, 0.3889, 0.3889, 0.3889, 0.3889, 0.3889, 0.3889, 0.3889, 0.3889, 0.3889, 0.3889, 0.3889, 0.3889, 0.3889, 0.3889, 0.3889, 0.3889, 0.3889, 0.3889, 0.3889, 0.3889, 0.3889, 0.3889, 0.3889, 0.3889, 0.3889, 0.3889, 0.3889, 0.3889, 0.3889, 0.3889, 0.3889, 0.3889, 0.3889, 0.3889, 0.3889, 0.3889, 0.3889, 0.3889, 0.3889, 0.3889, 0.3889, 0.3889, 0.3889, 0.3889, 0.3889, 0.3889, 0.3889, 0.3889, 
 0.3952, 0.3952, 0.3952, 0.3952, 0.3952, 0.3952, 0.3952, 0.3952, 0.3952, 0.3952, 0.3952, 0.3952, 0.3952, 0.3952, 0.3952, 0.3952, 0.3952, 0.3952, 0.3952, 0.3952, 0.3952, 0.3952, 0.3952, 0.3952, 0.3952, 0.3952, 0.3952, 0.3952, 0.3952, 0.3952, 0.3952, 0.3952, 0.3952, 0.3952, 0.3952, 0.3952, 0.3952, 0.3952, 0.3952, 0.3952, 0.3952, 0.3952, 0.3952, 0.3952, 0.3952, 0.3952, 0.3952, 0.3952, 0.3952, 0.3952, 0.3952, 0.3952, 0.3952, 0.3952, 0.3952, 0.3952, 0.3952, 0.3952, 0.3952, 0.3952, 0.3952, 0.3952, 0.3952, 0.3952, 0.3952, 0.3952, 0.3952, 0.3952, 0.3952, 0.3952, 0.3952, 0.3952, 0.3952, 0.3952, 0.3952, 0.3952, 0.3952, 0.3952, 0.3952, 
 0.4016, 0.4016, 0.4016, 0.4016, 0.4016, 0.4016, 0.4016, 0.4016, 0.4016, 0.4016, 0.4016, 0.4016, 0.4016, 0.4016, 0.4016, 0.4016, 0.4016, 0.4016, 0.4016, 0.4016, 0.4016, 0.4016, 0.4016, 0.4016, 0.4016, 0.4016, 0.4016, 0.4016, 0.4016, 0.4016, 0.4016, 0.4016, 0.4016, 0.4016, 0.4016, 0.4016, 0.4016, 0.4016, 0.4016, 0.4016, 0.4016, 0.4016, 0.4016, 0.4016, 0.4016, 0.4016, 0.4016, 0.4016, 0.4016, 0.4016, 0.4016, 0.4016, 0.4016, 0.4016, 0.4016, 0.4016, 0.4016, 0.4016, 0.4016, 0.4016, 0.4016, 0.4016, 0.4016, 0.4016, 0.4016, 0.4016, 0.4016, 0.4016, 0.4016, 0.4016, 0.4016, 0.4016, 0.4016, 0.4016, 0.4016, 0.4016, 0.4016, 0.4016, 0.4016, 
 0.4080, 0.4080, 0.4080, 0.4080, 0.4080, 0.4080, 0.4080, 0.4080, 0.4080, 0.4080, 0.4080, 0.4080, 0.4080, 0.4080, 0.4080, 0.4080, 0.4080, 0.4080, 0.4080, 0.4080, 0.4080, 0.4080, 0.4080, 0.4080, 0.4080, 0.4080, 0.4080, 0.4080, 0.4080, 0.4080, 0.4080, 0.4080, 0.4080, 0.4080, 0.4080, 0.4080, 0.4080, 0.4080, 0.4080, 0.4080, 0.4080, 0.4080, 0.4080, 0.4080, 0.4080, 0.4080, 0.4080, 0.4080, 0.4080, 0.4080, 0.4080, 0.4080, 0.4080, 0.4080, 0.4080, 0.4080, 0.4080, 0.4080, 0.4080, 0.4080, 0.4080, 0.4080, 0.4080, 0.4080, 0.4080, 0.4080, 0.4080, 0.4080, 0.4080, 0.4080, 0.4080, 0.4080, 0.4080, 0.4080, 0.4080, 0.4080, 0.4080, 0.4080, 0.4080, 
 0.4143, 0.4143, 0.4143, 0.4143, 0.4143, 0.4143, 0.4143, 0.4143, 0.4143, 0.4143, 0.4143, 0.4143, 0.4143, 0.4143, 0.4143, 0.4143, 0.4143, 0.4143, 0.4143, 0.4143, 0.4143, 0.4143, 0.4143, 0.4143, 0.4143, 0.4143, 0.4143, 0.4143, 0.4143, 0.4143, 0.4143, 0.4143, 0.4143, 0.4143, 0.4143, 0.4143, 0.4143, 0.4143, 0.4143, 0.4143, 0.4143, 0.4143, 0.4143, 0.4143, 0.4143, 0.4143, 0.4143, 0.4143, 0.4143, 0.4143, 0.4143, 0.4143, 0.4143, 0.4143, 0.4143, 0.4143, 0.4143, 0.4143, 0.4143, 0.4143, 0.4143, 0.4143, 0.4143, 0.4143, 0.4143, 0.4143, 0.4143, 0.4143, 0.4143, 0.4143, 0.4143, 0.4143, 0.4143, 0.4143, 0.4143, 0.4143, 0.4143, 0.4143, 0.4143, 
 0.4206, 0.4206, 0.4206, 0.4206, 0.4206, 0.4206, 0.4206, 0.4206, 0.4206, 0.4206, 0.4206, 0.4206, 0.4206, 0.4206, 0.4206, 0.4206, 0.4206, 0.4206, 0.4206, 0.4206, 0.4206, 0.4206, 0.4206, 0.4206, 0.4206, 0.4206, 0.4206, 0.4206, 0.4206, 0.4206, 0.4206, 0.4206, 0.4206, 0.4206, 0.4206, 0.4206, 0.4206, 0.4206, 0.4206, 0.4206, 0.4206, 0.4206, 0.4206, 0.4206, 0.4206, 0.4206, 0.4206, 0.4206, 0.4206, 0.4206, 0.4206, 0.4206, 0.4206, 0.4206, 0.4206, 0.4206, 0.4206, 0.4206, 0.4206, 0.4206, 0.4206, 0.4206, 0.4206, 0.4206, 0.4206, 0.4206, 0.4206, 0.4206, 0.4206, 0.4206, 0.4206, 0.4206, 0.4206, 0.4206, 0.4206, 0.4206, 0.4206, 0.4206, 0.4206, 
 0.4270, 0.4270, 0.4270, 0.4270, 0.4270, 0.4270, 0.4270, 0.4270, 0.4270, 0.4270, 0.4270, 0.4270, 0.4270, 0.4270, 0.4270, 0.4270, 0.4270, 0.4270, 0.4270, 0.4270, 0.4270, 0.4270, 0.4270, 0.4270, 0.4270, 0.4270, 0.4270, 0.4270, 0.4270, 0.4270, 0.4270, 0.4270, 0.4270, 0.4270, 0.4270, 0.4270, 0.4270, 0.4270, 0.4270, 0.4270, 0.4270, 0.4270, 0.4270, 0.4270, 0.4270, 0.4270, 0.4270, 0.4270, 0.4270, 0.4270, 0.4270, 0.4270, 0.4270, 0.4270, 0.4270, 0.4270, 0.4270, 0.4270, 0.4270, 0.4270, 0.4270, 0.4270, 0.4270, 0.4270, 0.4270, 0.4270, 0.4270, 0.4270, 0.4270, 0.4270, 0.4270, 0.4270, 0.4270, 0.4270, 0.4270, 0.4270, 0.4270, 0.4270, 0.4270, 
 0.4334, 0.4334, 0.4334, 0.4334, 0.4334, 0.4334, 0.4334, 0.4334, 0.4334, 0.4334, 0.4334, 0.4334, 0.4334, 0.4334, 0.4334, 0.4334, 0.4334, 0.4334, 0.4334, 0.4334, 0.4334, 0.4334, 0.4334, 0.4334, 0.4334, 0.4334, 0.4334, 0.4334, 0.4334, 0.4334, 0.4334, 0.4334, 0.4334, 0.4334, 0.4334, 0.4334, 0.4334, 0.4334, 0.4334, 0.4334, 0.4334, 0.4334, 0.4334, 0.4334, 0.4334, 0.4334, 0.4334, 0.4334, 0.4334, 0.4334, 0.4334, 0.4334, 0.4334, 0.4334, 0.4334, 0.4334, 0.4334, 0.4334, 0.4334, 0.4334, 0.4334, 0.4334, 0.4334, 0.4334, 0.4334, 0.4334, 0.4334, 0.4334, 0.4334, 0.4334, 0.4334, 0.4334, 0.4334, 0.4334, 0.4334, 0.4334, 0.4334, 0.4334, 0.4334, 
 0.4397, 0.4397, 0.4397, 0.4397, 0.4397, 0.4397, 0.4397, 0.4397, 0.4397, 0.4397, 0.4397, 0.4397, 0.4397, 0.4397, 0.4397, 0.4397, 0.4397, 0.4397, 0.4397, 0.4397, 0.4397, 0.4397, 0.4397, 0.4397, 0.4397, 0.4397, 0.4397, 0.4397, 0.4397, 0.4397, 0.4397, 0.4397, 0.4397, 0.4397, 0.4397, 0.4397, 0.4397, 0.4397, 0.4397, 0.4397, 0.4397, 0.4397, 0.4397, 0.4397, 0.4397, 0.4397, 0.4397, 0.4397, 0.4397, 0.4397, 0.4397, 0.4397, 0.4397, 0.4397, 0.4397, 0.4397, 0.4397, 0.4397, 0.4397, 0.4397, 0.4397, 0.4397, 0.4397, 0.4397, 0.4397, 0.4397, 0.4397, 0.4397, 0.4397, 0.4397, 0.4397, 0.4397, 0.4397, 0.4397, 0.4397, 0.4397, 0.4397, 0.4397, 0.4397, 
 0.4461, 0.4461, 0.4461, 0.4461, 0.4461, 0.4461, 0.4461, 0.4461, 0.4461, 0.4461, 0.4461, 0.4461, 0.4461, 0.4461, 0.4461, 0.4461, 0.4461, 0.4461, 0.4461, 0.4461, 0.4461, 0.4461, 0.4461, 0.4461, 0.4461, 0.4461, 0.4461, 0.4461, 0.4461, 0.4461, 0.4461, 0.4461, 0.4461, 0.4461, 0.4461, 0.4461, 0.4461, 0.4461, 0.4461, 0.4461, 0.4461, 0.4461, 0.4461, 0.4461, 0.4461, 0.4461, 0.4461, 0.4461, 0.4461, 0.4461, 0.4461, 0.4461, 0.4461, 0.4461, 0.4461, 0.4461, 0.4461, 0.4461, 0.4461, 0.4461, 0.4461, 0.4461, 0.4461, 0.4461, 0.4461, 0.4461, 0.4461, 0.4461, 0.4461, 0.4461, 0.4461, 0.4461, 0.4461, 0.4461, 0.4461, 0.4461, 0.4461, 0.4461, 0.4461, 
 0.4524, 0.4524, 0.4524, 0.4524, 0.4524, 0.4524, 0.4524, 0.4524, 0.4524, 0.4524, 0.4524, 0.4524, 0.4524, 0.4524, 0.4524, 0.4524, 0.4524, 0.4524, 0.4524, 0.4524, 0.4524, 0.4524, 0.4524, 0.4524, 0.4524, 0.4524, 0.4524, 0.4524, 0.4524, 0.4524, 0.4524, 0.4524, 0.4524, 0.4524, 0.4524, 0.4524, 0.4524, 0.4524, 0.4524, 0.4524, 0.4524, 0.4524, 0.4524, 0.4524, 0.4524, 0.4524, 0.4524, 0.4524, 0.4524, 0.4524, 0.4524, 0.4524, 0.4524, 0.4524, 0.4524, 0.4524, 0.4524, 0.4524, 0.4524, 0.4524, 0.4524, 0.4524, 0.4524, 0.4524, 0.4524, 0.4524, 0.4524, 0.4524, 0.4524, 0.4524, 0.4524, 0.4524, 0.4524, 0.4524, 0.4524, 0.4524, 0.4524, 0.4524, 0.4524, 
 0.4587, 0.4587, 0.4587, 0.4587, 0.4587, 0.4587, 0.4587, 0.4587, 0.4587, 0.4587, 0.4587, 0.4587, 0.4587, 0.4587, 0.4587, 0.4587, 0.4587, 0.4587, 0.4587, 0.4587, 0.4587, 0.4587, 0.4587, 0.4587, 0.4587, 0.4587, 0.4587, 0.4587, 0.4587, 0.4587, 0.4587, 0.4587, 0.4587, 0.4587, 0.4587, 0.4587, 0.4587, 0.4587, 0.4587, 0.4587, 0.4587, 0.4587, 0.4587, 0.4587, 0.4587, 0.4587, 0.4587, 0.4587, 0.4587, 0.4587, 0.4587, 0.4587, 0.4587, 0.4587, 0.4587, 0.4587, 0.4587, 0.4587, 0.4587, 0.4587, 0.4587, 0.4587, 0.4587, 0.4587, 0.4587, 0.4587, 0.4587, 0.4587, 0.4587, 0.4587, 0.4587, 0.4587, 0.4587, 0.4587, 0.4587, 0.4587, 0.4587, 0.4587, 0.4587, 
 0.4651, 0.4651, 0.4651, 0.4651, 0.4651, 0.4651, 0.4651, 0.4651, 0.4651, 0.4651, 0.4651, 0.4651, 0.4651, 0.4651, 0.4651, 0.4651, 0.4651, 0.4651, 0.4651, 0.4651, 0.4651, 0.4651, 0.4651, 0.4651, 0.4651, 0.4651, 0.4651, 0.4651, 0.4651, 0.4651, 0.4651, 0.4651, 0.4651, 0.4651, 0.4651, 0.4651, 0.4651, 0.4651, 0.4651, 0.4651, 0.4651, 0.4651, 0.4651, 0.4651, 0.4651, 0.4651, 0.4651, 0.4651, 0.4651, 0.4651, 0.4651, 0.4651, 0.4651, 0.4651, 0.4651, 0.4651, 0.4651, 0.4651, 0.4651, 0.4651, 0.4651, 0.4651, 0.4651, 0.4651, 0.4651, 0.4651, 0.4651, 0.4651, 0.4651, 0.4651, 0.4651, 0.4651, 0.4651, 0.4651, 0.4651, 0.4651, 0.4651, 0.4651, 0.4651, 
 0.4715, 0.4715, 0.4715, 0.4715, 0.4715, 0.4715, 0.4715, 0.4715, 0.4715, 0.4715, 0.4715, 0.4715, 0.4715, 0.4715, 0.4715, 0.4715, 0.4715, 0.4715, 0.4715, 0.4715, 0.4715, 0.4715, 0.4715, 0.4715, 0.4715, 0.4715, 0.4715, 0.4715, 0.4715, 0.4715, 0.4715, 0.4715, 0.4715, 0.4715, 0.4715, 0.4715, 0.4715, 0.4715, 0.4715, 0.4715, 0.4715, 0.4715, 0.4715, 0.4715, 0.4715, 0.4715, 0.4715, 0.4715, 0.4715, 0.4715, 0.4715, 0.4715, 0.4715, 0.4715, 0.4715, 0.4715, 0.4715, 0.4715, 0.4715, 0.4715, 0.4715, 0.4715, 0.4715, 0.4715, 0.4715, 0.4715, 0.4715, 0.4715, 0.4715, 0.4715, 0.4715, 0.4715, 0.4715, 0.4715, 0.4715, 0.4715, 0.4715, 0.4715, 0.4715, 
 0.4778, 0.4778, 0.4778, 0.4778, 0.4778, 0.4778, 0.4778, 0.4778, 0.4778, 0.4778, 0.4778, 0.4778, 0.4778, 0.4778, 0.4778, 0.4778, 0.4778, 0.4778, 0.4778, 0.4778, 0.4778, 0.4778, 0.4778, 0.4778, 0.4778, 0.4778, 0.4778, 0.4778, 0.4778, 0.4778, 0.4778, 0.4778, 0.4778, 0.4778, 0.4778, 0.4778, 0.4778, 0.4778, 0.4778, 0.4778, 0.4778, 0.4778, 0.4778, 0.4778, 0.4778, 0.4778, 0.4778, 0.4778, 0.4778, 0.4778, 0.4778, 0.4778, 0.4778, 0.4778, 0.4778, 0.4778, 0.4778, 0.4778, 0.4778, 0.4778, 0.4778, 0.4778, 0.4778, 0.4778, 0.4778, 0.4778, 0.4778, 0.4778, 0.4778, 0.4778, 0.4778, 0.4778, 0.4778, 0.4778, 0.4778, 0.4778, 0.4778, 0.4778, 0.4778, 
 0.4842, 0.4842, 0.4842, 0.4842, 0.4842, 0.4842, 0.4842, 0.4842, 0.4842, 0.4842, 0.4842, 0.4842, 0.4842, 0.4842, 0.4842, 0.4842, 0.4842, 0.4842, 0.4842, 0.4842, 0.4842, 0.4842, 0.4842, 0.4842, 0.4842, 0.4842, 0.4842, 0.4842, 0.4842, 0.4842, 0.4842, 0.4842, 0.4842, 0.4842, 0.4842, 0.4842, 0.4842, 0.4842, 0.4842, 0.4842, 0.4842, 0.4842, 0.4842, 0.4842, 0.4842, 0.4842, 0.4842, 0.4842, 0.4842, 0.4842, 0.4842, 0.4842, 0.4842, 0.4842, 0.4842, 0.4842, 0.4842, 0.4842, 0.4842, 0.4842, 0.4842, 0.4842, 0.4842, 0.4842, 0.4842, 0.4842, 0.4842, 0.4842, 0.4842, 0.4842, 0.4842, 0.4842, 0.4842, 0.4842, 0.4842, 0.4842, 0.4842, 0.4842, 0.4842, 
 0.4905, 0.4905, 0.4905, 0.4905, 0.4905, 0.4905, 0.4905, 0.4905, 0.4905, 0.4905, 0.4905, 0.4905, 0.4905, 0.4905, 0.4905, 0.4905, 0.4905, 0.4905, 0.4905, 0.4905, 0.4905, 0.4905, 0.4905, 0.4905, 0.4905, 0.4905, 0.4905, 0.4905, 0.4905, 0.4905, 0.4905, 0.4905, 0.4905, 0.4905, 0.4905, 0.4905, 0.4905, 0.4905, 0.4905, 0.4905, 0.4905, 0.4905, 0.4905, 0.4905, 0.4905, 0.4905, 0.4905, 0.4905, 0.4905, 0.4905, 0.4905, 0.4905, 0.4905, 0.4905, 0.4905, 0.4905, 0.4905, 0.4905, 0.4905, 0.4905, 0.4905, 0.4905, 0.4905, 0.4905, 0.4905, 0.4905, 0.4905, 0.4905, 0.4905, 0.4905, 0.4905, 0.4905, 0.4905, 0.4905, 0.4905, 0.4905, 0.4905, 0.4905, 0.4905, 
 0.4969, 0.4969, 0.4969, 0.4969, 0.4969, 0.4969, 0.4969, 0.4969, 0.4969, 0.4969, 0.4969, 0.4969, 0.4969, 0.4969, 0.4969, 0.4969, 0.4969, 0.4969, 0.4969, 0.4969, 0.4969, 0.4969, 0.4969, 0.4969, 0.4969, 0.4969, 0.4969, 0.4969, 0.4969, 0.4969, 0.4969, 0.4969, 0.4969, 0.4969, 0.4969, 0.4969, 0.4969, 0.4969, 0.4969, 0.4969, 0.4969, 0.4969, 0.4969, 0.4969, 0.4969, 0.4969, 0.4969, 0.4969, 0.4969, 0.4969, 0.4969, 0.4969, 0.4969, 0.4969, 0.4969, 0.4969, 0.4969, 0.4969, 0.4969, 0.4969, 0.4969, 0.4969, 0.4969, 0.4969, 0.4969, 0.4969, 0.4969, 0.4969, 0.4969, 0.4969, 0.4969, 0.4969, 0.4969, 0.4969, 0.4969, 0.4969, 0.4969, 0.4969, 0.4969, 
